"","TCGA.OR.A5J1","TCGA.OR.A5J2","TCGA.OR.A5J3","TCGA.OR.A5J5","TCGA.OR.A5J6","TCGA.OR.A5J7","TCGA.OR.A5J9","TCGA.OR.A5JB","TCGA.OR.A5JC","TCGA.OR.A5JD","TCGA.OR.A5JE","TCGA.OR.A5JG","TCGA.OR.A5JI","TCGA.OR.A5JK","TCGA.OR.A5JM","TCGA.OR.A5JO","TCGA.OR.A5JP","TCGA.OR.A5JQ","TCGA.OR.A5JR","TCGA.OR.A5JV","TCGA.OR.A5JW","TCGA.OR.A5JX","TCGA.OR.A5JY","TCGA.OR.A5K0","TCGA.OR.A5K1","TCGA.OR.A5K2","TCGA.OR.A5K3","TCGA.OR.A5K5","TCGA.OR.A5K6","TCGA.OR.A5K9","TCGA.OR.A5KO","TCGA.OR.A5KV","TCGA.OR.A5KW","TCGA.OR.A5KX","TCGA.OR.A5KY","TCGA.OR.A5KZ","TCGA.OR.A5L3","TCGA.OR.A5L6","TCGA.OR.A5L9","TCGA.OR.A5LA","TCGA.OR.A5LB","TCGA.OR.A5LD","TCGA.OR.A5LE","TCGA.OR.A5LG","TCGA.OR.A5LH","TCGA.OR.A5LK","TCGA.OR.A5LL","TCGA.OR.A5LM","TCGA.OR.A5LN","TCGA.OR.A5LS","TCGA.OR.A5LT","TCGA.P6.A5OG","TCGA.PK.A5H8","TCGA.PK.A5HA","TCGA.PK.A5HB"
"ABCB6",3793,1130,1645,1224,1507,9538,3068,1802,669,1201,4205,1428,771,739,3605,1094,4722,1534,621,544,874,957,2004,937,274,2789,546,3356,1199,3926,790,2811,1864,2611,4188,1554,1593,305,203,746,2109,1182,2444,2598,1535,100,3256,991,593,192,1496,1245,343,136,1742
"AGAP8",182,113,34,507,27,95,116,77,52,58,57,107,56,114,189,49,75,23,10,45,83,151,130,51,41,46,10,91,112,122,31,98,25,131,276,143,45,69,7,15,222,141,132,142,17,17,123,119,75,71,43,129,119,119,121
"AIFM2",1701,4706,606,2862,2308,8753,3069,5547,5543,1805,2356,1056,457,1484,4201,945,3419,935,947,279,2268,2290,38,66,558,4946,653,4172,1499,1902,723,869,2698,1585,7008,780,1041,690,134,574,5577,713,2384,3406,1602,141,2287,3050,486,3295,238,1318,1000,212,3317
"ALG8",958,1694,1585,763,2279,3298,2170,2390,1345,1046,2746,1595,845,1156,2479,1099,2307,1866,1964,1020,1454,2105,2217,1502,1225,2155,714,1782,1264,1656,1433,2819,1555,1779,2697,1592,1367,855,242,1378,1461,998,2881,2937,2079,416,2100,1070,644,1269,1089,3123,1204,580,1228
"ANK3",24,137,213,237,1250,5,22,10,62,1456,69,12,868,113,7,546,57,828,1416,479,65,461,43,2,472,385,229,2,199,1,1817,997,973,1,109,16,19,133,6,59,238,13,8,228,78,240,53,487,231,14,1802,344,592,1468,12
"ARHGAP11A",176,631,203,400,88,2534,356,1657,503,108,702,720,100,286,1290,163,797,424,417,404,360,40,2108,536,321,307,115,270,252,522,1039,168,774,520,1668,1400,15,104,20,104,565,134,945,447,391,91,94,641,91,350,316,1608,442,156,2107
"ARHGAP32",2124,3806,1753,970,406,2485,990,1339,633,418,986,564,232,934,2306,1347,2346,698,836,613,1750,1082,2060,560,211,719,226,1595,766,1363,1007,986,1560,767,1995,449,656,211,49,209,1219,1068,1356,1564,622,238,2270,579,261,1583,585,984,345,302,1286
"ARNTL",1679,899,569,246,545,686,319,1000,245,140,541,525,79,359,1074,844,394,524,420,248,875,743,1215,1213,284,403,178,930,428,652,679,521,489,121,1335,336,191,30,6,85,634,357,966,1018,283,46,1151,478,27,169,204,345,536,216,317
"ASF1B",117,971,485,1325,660,4848,629,2235,1418,231,2329,1433,183,489,3250,247,1238,1429,477,229,251,86,2690,1879,818,843,383,1511,501,2434,2939,354,1083,2598,2506,2891,82,479,48,175,335,430,2674,822,313,142,82,454,85,214,793,1726,2822,322,2234
"ASPM",276,923,106,397,7,3023,378,2009,345,31,649,622,30,186,2316,144,913,281,225,205,46,5,1336,292,155,267,93,444,172,2257,1312,67,266,533,1605,1645,9,120,8,23,157,321,2462,385,32,19,18,163,24,450,248,1959,214,108,2527
"ATAD3B",1867,252,536,1095,617,668,684,3728,472,257,482,1149,107,594,544,571,718,331,47,228,620,603,762,784,394,294,346,514,212,845,566,1055,644,966,1151,1158,513,185,59,229,607,679,1881,930,660,113,577,505,215,362,227,3885,594,403,692
"ATAD5",51,93,37,70,16,184,78,163,54,56,42,54,34,31,327,55,18,98,77,60,51,37,293,44,22,36,11,23,33,126,113,54,44,115,131,194,16,45,3,9,23,26,55,59,23,20,36,16,12,29,117,306,137,60,90
"ATF4",7848,18586,8502,12693,5531,13464,13960,21063,6044,7142,9901,16741,2785,12587,18891,11950,23728,13179,4618,3130,9532,6084,9867,9320,8064,9928,6765,19067,15210,18880,8045,16423,9969,13069,22316,13714,15414,3783,2678,5377,18250,10169,24616,27373,12068,4943,11041,5599,4308,5274,4130,16453,7074,9704,10681
"ATPIF1",10149,3078,2873,6151,3826,7483,5099,6324,6334,3762,6217,7806,1911,3593,2853,3042,3877,3194,2758,3189,3154,4528,3090,3015,3577,5899,2446,4069,3268,2844,3696,8594,4959,3108,9932,1684,2946,2521,1506,4146,3895,5620,4944,6300,5284,1142,1810,5131,2093,3821,2967,3606,3373,3479,4837
"AURKA",423,1133,247,537,188,4011,509,2764,625,340,2946,787,168,506,2521,227,2122,766,651,588,230,110,1920,802,571,1278,400,2278,355,1231,784,394,566,737,2468,2316,91,474,43,142,377,327,2244,624,263,80,124,707,154,645,485,1208,950,264,1811
"AURKB",26,162,39,340,16,2445,75,1184,176,31,525,205,25,62,904,140,345,270,65,62,14,9,276,327,112,142,30,309,157,624,625,92,168,42,980,1846,7,81,4,34,59,179,237,311,14,10,2,67,12,80,207,1702,158,41,633
"BCAT1",1348,1281,252,449,579,2425,212,587,117,112,2156,712,112,84,233,777,801,160,81,293,1311,423,1117,651,40,4846,113,2007,817,679,246,261,140,81,1025,773,50,41,24,152,1915,57,94,179,321,72,656,171,61,252,53,4220,177,625,421
"BDH2",2022,2744,1772,2383,5933,1560,10913,828,3939,8831,1847,2433,5821,7635,1711,6614,1771,7867,7738,7039,7432,4738,1002,1618,3115,1146,1470,2168,2994,2570,4732,3268,13348,3883,2069,1457,3529,2215,365,11365,3877,982,811,3379,4715,1323,3422,5198,2086,4864,2872,1825,1424,1710,1606
"BIRC2",2439,2701,1544,1147,2114,4993,1807,2208,827,1199,2052,1594,510,946,3447,1961,2461,2117,1455,1243,1981,885,3709,2178,698,1832,491,2914,1308,1910,2014,2779,1568,1815,2331,1626,636,386,67,389,2349,416,3023,1860,1521,305,1816,958,378,1707,933,7030,1092,1027,2128
"BIRC5",104,170,92,1009,12,2191,162,3381,440,102,1726,554,54,131,1928,163,1977,441,189,107,33,11,1480,796,115,326,78,674,133,827,527,133,297,476,1799,1794,26,219,1,38,76,478,506,313,46,20,8,161,50,122,227,2195,265,110,1234
"BLM",38,78,10,149,193,259,50,538,81,25,103,78,16,42,387,91,113,105,39,62,25,27,152,88,42,65,14,93,58,143,100,34,80,88,303,335,9,28,4,10,38,57,205,26,175,44,7,26,18,20,35,564,75,43,467
"BRCA1",85,442,82,179,79,340,258,1134,173,235,281,359,45,65,1457,127,192,785,182,180,129,63,1005,275,160,116,57,201,119,403,579,200,248,428,332,969,21,103,13,46,59,59,202,83,162,56,210,68,59,118,453,1096,295,81,617
"BRI3BP",175,203,61,441,50,290,152,785,158,83,363,160,131,105,316,42,177,134,241,250,123,130,364,69,94,104,98,217,64,146,83,99,140,76,294,201,33,121,66,207,114,180,101,122,329,68,60,297,109,81,175,98,204,71,205
"BUB1B",145,248,113,279,7,1263,261,1636,335,55,328,434,46,145,1190,113,556,238,192,141,213,41,1232,409,148,271,48,235,204,341,1090,135,549,348,1443,1282,16,60,3,17,291,93,789,273,58,35,22,185,40,120,216,1385,320,102,1978
"BUB1",137,467,99,485,29,3177,660,1658,494,70,799,520,39,194,2637,73,1375,305,317,548,93,13,1268,631,200,555,102,1280,181,1767,1196,298,332,481,2435,1782,10,157,7,46,164,207,1283,485,61,30,42,329,16,164,136,1416,333,78,1615
"BUB3",7647,10123,6701,4788,6026,23506,17598,8399,7495,2328,8203,13124,1561,4316,19424,2640,13513,3125,2817,4020,11108,4573,5753,7628,2109,5380,1983,5112,5332,15444,11009,5531,6610,4801,20575,5042,3266,1823,235,1573,14111,4711,14123,6814,5216,753,3153,4507,1206,11317,2658,8351,3635,4220,19040
"C10orf137",442,957,347,562,218,1076,817,760,461,561,289,303,139,369,830,367,461,431,465,347,777,370,653,529,163,132,125,299,363,637,859,655,310,523,824,543,193,93,20,137,772,214,404,529,525,104,514,360,175,535,312,1232,327,505,474
"C11orf57",2174,1263,1035,743,1305,2311,1340,1678,1041,824,995,911,664,733,1825,1370,969,1684,1117,921,1171,1145,1874,1047,682,736,427,1480,1081,1339,1294,2324,1151,1991,1531,1383,857,371,109,545,1541,899,1937,1658,1509,255,1411,1098,435,1008,664,2704,958,762,1092
"C11orf82",115,121,54,81,12,614,259,359,118,77,123,145,33,50,798,72,238,235,83,56,38,38,662,225,39,220,27,568,31,197,125,53,102,386,547,407,30,30,9,10,45,84,355,55,28,14,30,69,20,73,91,975,163,39,302
"C12orf48",220,301,98,268,54,1081,569,456,327,175,245,543,80,109,918,68,441,288,284,168,147,58,497,175,261,312,106,423,84,243,354,168,404,561,862,734,11,97,21,51,168,127,332,112,144,34,35,351,48,206,268,412,409,109,533
"C12orf4",515,1052,576,749,409,860,1346,861,614,579,641,1251,275,467,781,480,1026,833,552,542,994,456,1390,474,340,377,316,586,473,725,535,850,590,468,1175,852,167,241,58,248,1038,316,475,272,582,195,411,707,270,633,424,1335,573,492,544
"C13orf34",245,124,88,150,72,188,109,445,97,59,90,158,18,155,443,148,120,109,98,99,68,109,395,197,92,43,43,63,159,154,162,107,208,196,315,244,75,58,16,58,72,57,280,259,117,14,70,118,70,38,112,272,103,93,145
"C14orf80",400,182,239,854,44,538,384,1156,229,99,566,597,133,116,353,212,479,295,109,61,209,256,250,218,108,379,76,598,158,297,495,652,352,434,839,611,40,79,21,105,586,265,228,203,188,85,59,171,41,178,275,1273,173,199,748
"C15orf23",317,580,274,668,375,2502,729,1793,659,368,833,394,153,581,1194,321,1066,392,254,1072,367,187,1161,527,233,408,124,624,728,617,1260,702,787,545,1813,1314,284,148,27,112,558,257,1418,994,316,83,315,441,191,263,243,1182,406,319,1374
"C15orf42",49,93,148,144,6,629,122,607,175,16,421,119,13,83,648,38,345,64,54,15,44,52,584,62,39,192,35,419,39,453,181,64,227,317,545,837,24,33,10,15,51,96,322,41,26,15,6,78,12,37,49,508,170,24,541
"C18orf10",2332,2050,1240,616,1772,3862,1794,2281,834,915,3452,1305,766,473,3996,2585,1509,1580,1217,1309,1024,428,4197,1884,906,2130,541,1967,2018,1845,1872,3141,1049,3632,3352,1265,824,488,193,938,1812,493,2142,956,2587,385,708,819,330,1428,784,2974,1035,943,1276
"C1QTNF7",81,276,7,65,9,12,42,2,52,15,13,9,46,22,74,23,25,52,37,8,14,60,51,4,34,4,3,10,8,68,10,7,15,5,34,141,2,3,2,48,8,218,29,18,20,3,7,14,7,3,2,12,4,7,9
"C1orf112",56,205,82,63,101,518,211,497,121,90,228,200,43,112,614,154,194,206,173,293,105,57,496,67,119,161,37,349,104,528,198,106,120,295,359,569,26,56,4,42,90,84,128,146,113,26,73,55,51,113,124,720,129,161,460
"C1orf124",268,510,240,186,161,690,489,415,219,187,267,332,97,217,735,252,346,245,244,303,363,153,423,256,141,163,87,270,298,483,351,345,185,158,537,253,64,54,13,100,308,85,263,221,230,56,415,231,141,443,150,411,228,163,404
"C1orf135",105,50,45,76,19,149,120,190,102,31,99,136,21,30,146,31,193,71,33,36,36,31,108,61,61,151,20,96,18,97,87,91,75,246,364,275,13,21,12,16,54,54,168,37,131,26,14,67,38,17,38,247,101,26,181
"C1orf174",1079,1169,539,384,393,1329,405,1896,606,353,382,710,232,503,758,745,709,679,576,375,449,395,779,495,399,308,203,474,368,641,677,1291,533,478,1029,871,333,120,26,252,521,261,554,575,531,140,858,582,274,325,230,1121,506,437,1155
"C1orf52",1059,270,335,473,523,506,1082,1317,490,282,365,643,178,332,465,599,771,629,435,369,447,463,913,448,312,433,186,504,419,370,506,778,602,704,961,881,366,114,50,205,827,435,770,410,703,145,236,453,174,279,273,1278,411,306,891
"C5orf32",6761,4014,4701,5651,3087,4533,7260,1364,8338,15590,1192,5172,8316,12140,5520,2954,2515,14728,21476,10854,17661,16343,4112,1600,11408,2192,6945,3907,2130,1287,14009,2785,11876,2723,6772,939,4347,5055,2304,12820,8281,914,1747,17137,12519,5020,7654,24225,14867,6630,12278,2231,9792,16631,7088
"C7orf40",1056,739,614,492,390,1024,704,1059,482,574,404,668,280,598,515,471,815,538,590,385,455,694,470,478,328,325,295,451,366,820,373,575,407,561,880,2214,242,101,21,472,663,64,947,1098,1028,143,362,471,275,371,317,1823,546,442,518
"C9orf100",382,207,210,777,62,2384,72,875,105,71,508,270,49,113,650,108,342,159,86,74,272,207,352,190,110,132,37,270,88,428,809,142,154,172,768,725,88,152,13,67,166,259,213,347,79,20,165,108,112,316,190,540,157,90,872
"C9orf47",436,29,24,242,11,97,81,7,34,11,42,127,2,24,71,4,88,5,15,11,84,141,8,49,10,40,34,38,6,32,28,44,46,76,194,77,21,6,1,6,103,68,19,121,8,4,105,28,1,30,7,537,56,7,41
"CADM1",5080,11609,2938,593,97,6149,1846,122,708,507,2273,901,504,1994,9742,69,278,1010,1207,1363,2388,1342,10443,4522,200,987,337,2829,4316,3130,1685,2568,1060,181,7522,3212,1634,310,47,384,2086,657,9290,2379,2422,438,3475,975,236,4286,1943,347,515,233,1081
"CBFB",2172,2112,1103,1377,823,1625,3099,5134,1141,844,1505,1865,661,1469,3558,1130,2145,1823,828,1209,1348,1323,3657,837,673,1146,509,1479,1278,1960,1030,941,1518,1145,3006,1726,401,427,133,504,1291,1173,1227,4064,572,418,856,1258,600,1306,805,4663,1636,1128,2430
"CCDC138",87,33,6,5,37,84,25,176,13,9,56,44,12,6,159,23,95,58,31,18,8,8,51,36,22,35,2,37,19,93,31,88,24,34,55,140,7,7,4,7,9,20,62,16,16,3,16,7,12,4,25,131,36,20,63
"CCDC15",59,169,102,43,19,126,40,140,50,32,107,33,10,33,121,32,49,54,38,23,26,61,86,33,48,41,14,159,16,55,104,50,57,88,81,83,17,34,4,16,59,38,42,38,15,10,52,16,11,23,16,141,109,44,40
"CCDC18",232,71,57,241,42,224,128,608,105,39,56,73,25,90,218,37,175,61,62,52,48,32,146,55,83,126,31,44,27,57,179,98,50,90,264,159,17,35,6,21,45,349,193,83,40,14,12,31,28,65,31,540,95,22,218
"CCDC73",113,98,474,114,60,620,893,94,105,48,443,48,37,71,741,90,117,144,51,51,236,60,1224,119,45,310,36,466,237,1243,220,134,88,119,639,248,73,39,8,61,802,116,737,112,124,16,72,43,37,409,60,254,89,25,49
"CCDC77",210,331,472,491,180,1159,879,697,551,389,511,799,224,218,1367,220,750,774,385,512,569,98,807,599,182,344,110,545,466,1495,302,418,394,396,995,918,110,240,24,158,525,179,499,201,502,58,170,324,115,422,253,535,284,277,483
"CCDC88A",2592,5820,772,914,1957,4139,3536,4019,937,885,1589,1664,904,1091,4736,1330,2640,1624,1946,2266,1700,1039,3138,1292,572,801,517,1555,1148,2716,1478,2134,1655,1419,2099,2570,570,864,90,486,1346,2524,2586,1004,817,503,697,1513,467,1335,908,3008,1591,1091,2547
"CCNA2",121,554,136,810,32,2588,425,1247,604,133,1180,1073,99,236,3422,225,1403,579,575,361,212,92,1615,680,190,343,159,767,339,2472,3581,151,966,422,1946,4752,47,217,20,75,532,391,694,651,99,61,38,572,120,492,597,2020,386,154,1855
"CCNB1",548,843,689,2704,147,7708,2269,6354,2473,648,3346,2604,377,904,4780,280,3210,1729,1349,770,781,428,4584,1271,1380,1357,581,2504,777,3002,6300,1406,2318,1287,7736,5642,245,1156,81,341,970,995,2475,1610,708,203,145,2296,280,1762,1200,4504,1322,484,4298
"CCNB2",92,402,143,367,19,2806,432,2694,475,45,1805,1045,31,179,1890,139,974,357,190,125,113,10,3188,5,225,638,70,1443,351,1376,1572,206,919,546,2503,2214,9,94,5,11,354,87,1747,571,42,29,17,318,24,181,237,1558,205,87,1969
"CCT6P1",188,140,192,144,134,354,171,175,77,90,110,214,45,91,247,125,147,100,103,87,176,91,178,109,70,96,39,123,122,136,166,166,129,321,199,346,24,41,4,29,293,75,143,170,110,47,47,85,61,91,56,201,154,66,177
"CDC20",164,260,143,1320,21,2235,269,7424,440,68,1974,751,38,148,1395,211,1485,223,155,126,38,10,980,302,212,616,59,1052,168,1310,1302,280,345,155,3316,2620,14,242,16,31,135,675,1226,305,39,30,5,277,24,119,273,2455,200,90,2298
"CDC25A",633,522,87,230,377,2188,390,359,392,80,1216,194,50,152,1619,84,1265,434,219,355,97,88,1947,268,159,636,104,800,93,241,500,227,487,843,641,1120,52,59,11,39,170,560,1317,348,370,72,5,212,50,252,146,701,298,97,448
"CDC25C",40,56,83,241,17,794,122,905,306,15,463,426,25,92,532,35,223,161,115,44,167,37,365,189,150,171,65,266,91,442,604,41,255,216,765,530,8,180,7,33,117,165,179,149,237,10,9,107,7,235,70,468,214,24,662
"CDC45",58,117,51,358,7,392,97,1098,101,44,356,359,8,45,1368,86,431,365,35,22,38,4,1612,252,106,138,45,285,71,459,475,70,239,164,742,992,12,63,9,4,49,177,362,58,22,11,3,29,8,74,124,1066,148,33,746
"CDC6",218,324,341,390,27,823,730,2536,316,261,818,914,213,188,3595,160,732,1787,361,244,197,174,2104,535,418,388,189,547,149,713,615,254,556,292,892,1247,69,136,27,139,153,241,489,119,211,39,327,220,122,218,473,979,475,77,1039
"CDC7",547,254,222,254,140,1341,176,838,188,124,732,956,74,226,662,328,1080,365,247,114,95,89,652,118,151,283,79,212,112,1068,1116,260,371,157,851,575,107,93,19,74,326,115,694,577,146,52,46,186,53,339,103,1394,365,90,1452
"CDCA2",19,115,39,175,3,734,232,604,174,19,280,149,14,76,740,63,365,81,119,97,15,8,394,180,85,80,34,188,60,746,689,31,192,61,684,1012,6,62,8,23,47,137,274,80,20,19,8,84,16,43,43,911,109,33,339
"CDCA3",295,308,253,1472,48,2915,331,1699,425,71,1363,759,80,206,1974,133,1257,315,211,81,110,44,1001,1344,253,510,137,662,407,1304,875,175,552,257,2933,1549,251,414,13,39,190,600,520,267,94,40,32,299,45,251,382,815,244,38,495
"CDCA5",138,487,183,490,126,3851,540,2260,354,127,1780,1033,78,120,2887,270,1185,479,302,207,128,44,2224,1047,225,700,103,1076,239,1252,1026,255,509,853,2009,2838,21,169,11,55,230,412,1068,341,246,48,56,221,32,221,213,3015,578,173,1940
"CDCA8",118,282,197,593,39,3497,410,1890,413,60,878,765,54,110,1317,140,1399,243,279,162,103,45,1133,307,247,318,81,525,121,983,1450,236,499,357,2126,1765,10,128,17,39,149,236,1069,253,110,40,27,229,29,161,168,948,342,78,2264
"CDK1",218,1743,256,1473,52,6431,934,4441,1878,289,2027,1242,118,908,6651,356,3873,841,657,605,255,20,3771,1820,606,1337,249,1328,442,4381,4203,339,860,733,5893,4772,36,453,22,96,710,1123,2031,1079,88,72,56,577,141,887,1360,3732,988,395,4197
"CDK2",706,2887,854,2266,378,4475,2048,2660,1443,870,1628,815,494,586,2793,901,1103,1998,1130,1158,843,992,5599,1624,858,718,384,1543,817,1164,1836,626,692,1123,2770,2965,133,497,68,158,1010,338,1267,787,603,332,265,666,383,726,798,2501,2061,1072,3210
"CDKN3",37,215,173,566,20,1551,99,1622,349,48,964,735,52,77,1370,77,606,173,114,111,78,18,659,450,127,219,61,363,201,971,1622,109,250,122,921,834,7,117,2,40,287,117,659,296,77,24,25,318,44,446,167,863,213,106,1403
"CELSR3",217,351,521,318,352,158,102,137,99,54,240,509,44,125,354,35,168,50,49,501,101,42,223,267,15,157,25,214,278,664,236,769,362,137,646,186,79,20,7,15,112,482,359,41,1087,11,100,79,11,72,95,823,241,111,265
"CENPA",21,116,52,183,10,1112,23,759,108,19,350,195,17,34,1002,44,415,54,59,31,15,13,457,150,78,78,35,205,97,239,524,42,169,33,473,668,7,43,1,6,75,87,253,63,9,7,10,104,7,80,36,463,62,19,742
"CENPE",93,215,111,653,62,1085,370,1190,348,127,306,481,90,202,857,110,485,400,435,190,171,58,608,311,195,90,67,285,103,848,1016,130,426,429,1034,1472,12,125,8,43,307,203,437,114,205,34,29,359,59,450,304,1329,312,134,1368
"CENPF",283,2581,485,2021,57,6510,961,5970,975,190,1873,2308,239,838,7150,331,2514,997,895,1461,264,98,3567,816,658,843,379,1347,729,7128,4389,347,1023,279,5579,5435,54,519,28,115,511,977,3881,1060,127,87,87,502,168,1031,938,4014,935,463,12012
"CENPH",117,248,125,305,123,506,266,858,452,188,580,576,173,226,702,166,184,651,459,188,249,158,1328,295,435,291,156,534,206,634,772,231,298,320,702,1134,29,242,55,173,217,222,552,218,284,141,69,372,118,331,350,1255,1028,186,530
"CENPL",90,384,157,244,94,831,382,659,160,107,307,359,97,180,603,123,249,199,188,210,238,82,303,96,91,172,61,284,178,866,483,175,244,290,706,471,71,50,19,48,219,149,153,203,158,35,130,109,77,375,138,378,149,128,928
"CENPM",51,205,64,575,12,659,146,1562,147,78,702,337,21,131,1130,107,292,324,100,53,32,11,457,236,279,348,97,306,172,470,414,93,187,98,1103,773,39,97,9,29,56,153,432,268,59,25,12,39,27,61,134,865,203,52,647
"CENPO",96,179,101,165,260,1129,311,349,129,95,278,292,111,88,746,123,557,251,339,74,182,46,528,250,193,175,79,331,111,307,292,100,138,245,580,581,27,44,23,37,182,176,210,79,115,30,32,86,39,127,80,579,120,143,351
"CEP152",119,153,98,91,55,353,112,339,101,94,107,86,31,69,287,74,66,147,148,139,177,73,479,227,36,76,27,131,71,211,203,152,208,116,241,260,42,49,9,39,112,57,76,132,47,40,168,45,72,44,91,404,125,89,238
"CEP164",1174,2313,1145,1393,780,3184,1327,1698,1014,560,1949,1425,436,903,1859,938,1736,807,820,924,955,1399,1910,898,537,793,273,2222,880,1376,1127,1450,1063,1547,1528,1062,894,466,74,301,1298,943,2544,1379,866,180,937,790,339,1044,577,4859,1033,818,1739
"CEP55",160,742,91,455,19,5071,190,3189,313,71,632,379,68,250,3588,212,892,253,144,192,105,35,687,719,282,508,91,489,253,1221,1318,100,249,377,1641,1644,15,202,12,32,183,445,710,364,46,40,23,161,63,253,195,3108,377,98,2571
"CEP76",419,284,132,88,357,733,346,212,72,150,327,360,98,111,682,131,493,310,182,163,494,42,338,319,123,142,58,254,278,325,237,293,183,609,543,352,91,42,11,108,543,137,511,332,340,47,222,194,75,197,111,274,138,123,285
"CHAF1A",674,1127,815,1160,512,3009,2042,1078,962,797,1602,1480,253,454,2247,446,1930,1861,828,255,897,294,1963,1302,429,889,203,1643,497,1767,2022,746,1306,926,2264,2265,293,171,26,179,1337,609,1035,897,454,359,642,799,424,465,802,1889,1706,900,1634
"CHEK1",179,312,125,154,217,1153,142,1058,194,149,581,175,147,138,949,259,311,440,330,291,183,139,919,131,202,220,71,598,125,310,742,147,186,460,468,1146,126,111,26,140,202,167,387,187,199,56,129,160,65,237,106,2075,338,196,616
"CKAP2L",14,213,71,85,4,823,97,581,88,23,256,274,8,39,1349,38,279,125,95,71,28,3,694,230,66,105,24,258,60,788,523,77,209,131,511,702,3,52,1,11,41,118,423,89,14,4,3,42,5,40,48,466,86,21,706
"CKAP2",566,1302,322,506,259,1699,1336,1725,591,409,758,982,168,367,3402,362,571,640,1004,677,640,163,1960,505,587,321,156,408,958,1255,2122,822,996,695,2452,1128,170,132,19,159,644,213,1518,525,536,72,244,1009,161,496,406,1366,549,309,1910
"CKS1B",866,1645,293,153,594,2802,1626,5868,471,517,2519,884,198,517,2699,626,1996,852,581,876,329,168,1575,1869,467,1842,234,3335,777,2666,897,1480,645,2408,1974,2804,130,133,20,398,376,126,2181,958,671,91,821,360,192,274,268,2879,646,518,1957
"CKS2",2554,1138,666,8083,1003,8157,6724,3857,2859,863,2924,3466,396,2072,4927,271,4089,1547,1239,2334,1569,1003,4121,6223,1346,4170,724,2774,1537,3758,5000,5589,2119,2953,15207,4908,1815,1017,159,1695,2842,3061,3364,3654,1522,212,1173,1720,678,1570,1121,2476,1999,1155,4383
"CLCN6",2709,2610,751,505,1787,1962,1660,1372,537,841,952,639,252,523,1992,825,828,413,910,1116,1125,828,2343,781,467,874,366,795,739,1587,701,2797,952,1324,2125,909,567,300,82,454,1122,568,2005,1588,1107,195,480,576,334,382,440,1279,1015,766,1350
"CNOT6",1475,1172,940,1278,920,1923,1316,2586,1628,710,1087,1222,521,648,1814,1192,966,901,710,903,1881,1135,1810,457,632,578,289,837,961,1013,1657,1141,840,837,1552,1088,222,329,109,469,1399,404,1053,846,1997,488,1051,1348,436,1154,911,1610,996,1123,2196
"COPA",7390,21086,7046,3659,5383,8769,9848,14509,4638,3676,6012,11327,2864,5049,11330,7149,6054,11213,7576,9782,6116,4570,8783,6475,3810,2982,2079,7575,8370,14767,7331,9814,8555,6522,11755,6131,3526,1467,676,3129,5599,3500,9845,7288,6130,1849,26706,4414,2604,3766,3381,10384,4414,9613,11710
"CPSF7",5218,3283,2705,2316,3962,4254,3261,6218,2134,1163,3831,2285,910,1476,3759,2966,3231,2312,2078,2058,2398,2514,4045,4195,1093,1466,874,3115,1471,2632,2838,3578,1978,3162,3094,2961,1416,862,211,931,2185,1988,4265,4504,1953,711,3903,1835,763,1354,1375,5228,2403,1595,2696
"CREBZF",2654,3870,2910,1191,1795,5487,3824,2311,1960,1475,2451,1412,596,1701,4101,1540,2731,1917,2074,324,3342,2782,4565,1561,870,1197,796,2819,1653,4087,3610,2871,2290,2354,3913,2889,1626,959,139,887,3118,870,3013,3477,2287,588,3673,1246,766,2334,1232,3961,2743,1578,2710
"CROCCL2",349,158,175,143,50,369,148,124,70,61,161,44,43,62,111,87,54,69,106,40,135,78,266,169,77,88,40,161,130,157,197,105,55,219,134,65,51,68,15,32,98,60,109,130,72,50,214,29,30,128,67,247,76,92,88
"CSE1L",3748,7919,1838,1195,3824,8753,4845,7496,4008,2765,6571,5087,1775,2391,7178,2549,3802,5103,4960,3469,3731,3209,6141,3564,2758,3215,1597,4920,2336,5875,3672,4488,3021,4124,7265,8274,894,1344,323,2088,3435,1269,4042,4013,2111,927,2610,3150,1481,2325,2490,7422,4758,3991,9793
"CTSL2",745,212,25,2178,14,85,359,456,1006,82,340,217,39,51,1070,13,181,192,79,17,136,66,1880,179,91,539,17,427,87,130,264,418,59,196,2991,312,2,60,17,18,187,19,258,46,32,52,8,80,12,172,70,103,114,26,594
"CYB561D1",1289,1360,905,546,794,1137,1073,824,551,391,762,2094,182,492,878,759,728,425,671,152,780,422,1000,416,322,906,237,587,613,531,1069,1155,742,648,813,249,223,132,28,481,687,608,1606,393,1882,162,162,438,198,784,144,482,484,249,1162
"CYP27B1",157,571,137,206,60,575,150,50,69,141,336,493,39,59,538,11,577,270,24,54,439,71,296,100,29,121,15,143,90,710,23,750,90,129,637,63,98,9,5,3,131,201,323,44,284,16,53,48,4,297,45,52,94,12,59
"DAZAP1",4014,4224,1475,4263,1790,3394,3494,4933,2659,2286,2622,2658,1096,1811,3595,3351,2963,2959,2544,2058,2500,2073,2097,2366,1284,1898,967,2981,2471,6181,3561,4137,2001,3122,3307,3493,1157,558,271,1360,3163,1324,2361,3603,2828,999,2432,1636,1406,1436,1136,7399,1818,3429,3526
"DBF4",382,316,330,199,113,1014,531,770,226,209,267,328,129,269,311,211,477,351,325,340,455,341,1514,572,185,279,134,214,1024,1107,882,347,306,358,736,1366,196,128,25,135,464,160,739,771,417,64,320,330,151,254,145,1092,368,134,557
"DCUN1D5",784,883,533,226,831,1887,676,1538,609,387,1304,580,162,384,1747,486,1109,499,408,520,655,459,1232,849,324,809,205,3369,472,1493,607,1151,787,1175,1314,1267,163,132,5,207,774,683,1101,732,988,103,637,555,113,592,231,2522,314,283,894
"DEM1",246,280,241,341,120,574,356,857,306,138,375,315,109,123,376,383,241,232,194,108,321,155,261,94,156,167,88,118,89,147,347,258,185,322,463,226,50,66,18,69,277,177,222,217,205,68,191,231,71,134,106,392,204,195,487
"DENND4B",2843,4297,1610,1966,1300,5700,2565,3812,1076,1082,2329,1470,445,1684,1894,1840,2060,1031,1450,1820,1239,1097,4954,4198,487,1108,621,2801,1526,2928,1918,2245,1515,2129,1921,1841,705,415,107,647,1383,997,4120,3595,1350,511,7048,670,909,1136,826,4619,1084,2279,3809
"DGCR11",72,72,13,19,54,17,22,96,8,11,17,21,12,30,64,34,44,52,24,23,44,15,64,30,14,12,16,34,52,32,32,54,30,5,54,66,22,4,4,16,103,47,120,24,77,8,46,14,24,10,22,115,8,24,86
"DGKD",1478,1567,877,1367,980,1144,2344,2846,1014,464,1750,1085,265,592,1472,1152,661,322,565,438,965,799,856,928,294,637,286,1263,1145,2829,1236,864,1152,1112,1534,1000,630,298,72,339,1238,717,2858,763,891,215,914,1013,278,1050,455,3313,462,570,3863
"DHFR",485,382,504,598,157,1672,848,1861,1144,195,808,895,190,398,2222,308,698,622,320,281,1040,193,1849,436,476,268,132,312,405,1159,2153,548,985,201,1822,1038,92,250,27,111,805,137,542,293,287,59,154,351,53,828,487,825,828,75,1202
"DIAPH3",26,545,71,79,4,297,168,338,168,29,137,307,10,152,1633,53,188,177,91,189,100,30,893,115,70,114,29,263,102,460,657,44,493,211,776,487,4,51,1,13,122,40,401,87,20,7,12,158,28,56,101,883,147,62,653
"DNA2",72,194,52,211,33,422,145,484,104,65,91,74,30,105,581,39,156,73,78,55,51,68,284,98,37,91,33,108,53,252,118,42,96,101,220,524,20,30,10,16,93,50,174,61,35,13,124,47,39,80,59,479,130,59,303
"DNAJC16",1367,1422,1014,519,714,1470,1406,1188,514,653,1002,1098,357,466,896,581,659,993,544,442,921,337,1018,1015,290,584,338,750,650,1269,925,1395,662,1214,1246,820,258,136,41,357,1129,402,1012,644,854,148,1288,465,299,821,469,1320,637,604,1968
"DNAJC9",3183,3466,1262,2707,601,6604,3427,3440,1847,1610,2453,1582,1174,1629,5306,898,4531,2331,1062,939,3458,1520,1741,2171,564,1428,545,2191,2433,2613,2278,1695,1217,1597,4085,2633,613,457,75,641,3224,1646,1451,2341,1011,368,907,1314,709,1752,1252,4010,1115,2126,3051
"DTL",184,562,128,259,56,1404,481,1556,434,63,901,544,71,117,1727,97,1252,541,260,180,132,11,1255,208,256,506,67,706,157,1052,803,136,390,600,1396,1339,12,143,20,42,62,352,1119,172,58,41,8,108,42,362,314,2272,743,167,1496
"DTYMK",713,720,563,532,1099,2689,513,3885,647,557,3953,1910,379,569,2572,707,1923,1224,799,363,486,381,1720,566,665,1045,345,1911,1054,1442,903,1335,831,1464,1434,1609,303,303,29,488,430,439,1282,1533,716,182,317,731,210,365,556,2602,1090,423,2570
"DUSP28",548,307,163,122,176,467,161,174,184,215,564,290,113,172,246,208,230,185,193,116,226,142,334,110,116,162,82,285,225,229,170,372,123,368,206,103,120,94,28,98,147,138,392,322,358,47,210,176,94,169,120,191,201,141,256
"DYNC2H1",1255,1148,563,145,616,879,412,492,212,274,197,373,107,363,679,611,72,414,484,415,793,320,1268,834,233,200,183,476,266,641,278,875,585,537,363,303,180,73,32,158,948,549,646,347,547,58,881,257,111,479,368,1645,240,120,912
"E2F1",340,894,706,827,562,2583,1565,2973,1291,821,5604,2313,377,816,4564,252,1557,3092,1310,534,1326,225,2691,1391,1352,1522,433,1756,392,1637,2056,618,611,1587,3233,2595,236,795,181,771,1031,697,1592,1192,1510,409,608,581,220,1083,827,1742,2453,744,1634
"E2F2",35,103,46,192,9,1220,40,481,139,23,425,176,26,53,586,96,297,87,100,46,38,4,903,164,85,98,27,177,36,276,273,306,90,213,365,784,4,55,5,18,32,83,314,61,81,21,14,33,15,58,62,279,222,28,706
"EHMT1",5355,4972,1656,4363,1822,5080,7210,2157,1680,1704,4109,4805,1022,1371,4293,1804,2789,2145,1892,2049,5213,1799,3424,3562,1193,2541,628,3366,3513,5191,4440,3681,1933,6533,9931,2760,1241,621,200,792,4568,1642,5518,3706,2214,367,2528,1244,919,2769,1826,2653,1949,2435,3885
"EIF2C3",183,268,109,273,162,419,254,494,121,53,156,184,41,58,177,134,383,123,141,162,153,136,209,52,40,105,42,241,52,166,140,127,159,115,305,250,24,17,11,25,131,180,160,96,94,30,26,83,23,104,40,247,132,58,449
"EIF3M",8401,4780,7953,3436,5309,12397,10929,9181,9240,2553,10000,4617,2097,5012,10013,5774,5434,4236,3247,3501,8381,4329,8437,8127,3375,9224,2875,12264,5299,10626,5652,9403,5554,6849,10442,6566,3709,1765,814,3473,8638,3200,11356,10402,8286,1579,4540,7594,2067,4721,1710,14173,5788,3470,6656
"EME1",74,74,35,141,13,222,84,294,90,47,142,138,14,39,325,34,94,323,44,24,27,36,321,123,64,82,17,109,39,97,226,50,56,237,416,306,31,62,9,15,22,166,101,34,19,17,12,19,25,36,112,391,167,28,94
"EML4",4755,5500,1008,856,1702,3111,1466,2728,1308,821,1092,1250,1266,702,7213,3806,1795,1818,1884,1196,1369,1273,10602,2466,724,766,303,1590,2279,2526,1123,1302,914,922,2210,1853,858,976,142,694,830,2819,1576,912,928,663,2169,911,1089,509,910,4820,1205,1366,2915
"EP400NL",472,584,292,478,88,579,440,416,161,217,253,352,97,183,283,105,244,366,201,199,181,293,183,131,80,114,109,281,178,368,285,261,318,213,689,468,158,126,24,60,326,169,88,283,140,91,142,179,133,410,193,604,242,182,446
"EPR1",1,222,107,245,24,2151,196,784,201,87,1009,631,17,49,2164,195,1705,505,154,119,52,5,1656,856,250,489,86,866,126,776,893,139,495,377,1623,2788,4,72,14,4,139,79,460,256,39,18,10,124,12,116,336,1238,264,60,1124
"ESCO2",22,105,25,51,24,473,112,251,113,27,136,132,10,39,1352,42,350,139,146,126,38,2,590,159,122,90,14,86,62,642,437,22,150,56,246,1050,6,40,6,7,27,75,248,18,16,7,16,46,12,33,57,377,173,50,267
"ESPL1",48,639,175,834,240,3131,279,1127,322,100,457,756,161,104,2084,96,986,320,745,153,72,139,2193,371,240,203,91,626,234,1392,680,126,371,206,1855,1717,9,221,4,44,272,237,728,240,14,18,6,119,180,331,297,839,363,351,2097
"EXO1",34,190,61,157,3,834,183,557,224,26,373,424,26,64,1571,37,427,220,82,47,64,2,702,237,91,193,34,315,83,964,377,49,161,135,653,1050,3,57,3,6,55,71,244,57,24,16,4,40,7,127,128,929,195,42,976
"EXOSC8",1188,526,328,315,500,497,501,768,396,281,793,439,107,359,1133,594,711,474,320,169,240,671,640,292,301,474,179,584,659,743,442,1140,630,767,868,618,283,105,62,188,465,426,731,1112,481,84,299,482,229,66,228,1560,497,261,328
"EXTL2",1313,1998,1490,191,1318,4924,2576,1716,637,412,1512,3207,352,593,1982,1033,3324,868,577,631,1740,557,2431,983,380,1930,189,887,2378,2745,863,2507,978,2349,3545,3552,565,268,84,221,2065,782,2793,873,1892,90,236,695,175,2134,601,2152,1546,301,3124
"EZH2",159,812,322,474,56,1865,196,1866,160,108,440,734,45,214,629,130,1142,352,359,189,339,142,715,249,331,188,84,329,80,743,1242,153,436,378,957,1425,43,130,11,72,288,130,478,397,144,45,118,194,65,299,97,1581,374,216,974
"FAM111B",34,47,87,228,4,1172,65,1358,133,27,645,110,51,47,1321,76,148,316,153,61,63,2,1513,156,60,91,46,136,35,274,693,25,113,32,397,639,7,102,5,20,60,84,397,104,27,31,16,27,23,113,200,1003,244,40,300
"FAM136A",2277,1032,883,745,830,2746,842,2734,871,1038,1528,1222,499,427,2714,1054,1886,897,913,770,601,537,1839,1457,643,873,359,1883,1371,931,1061,1387,949,2050,1456,1425,529,275,73,590,822,390,1967,636,1366,289,401,982,310,648,464,3736,692,487,2819
"FAM41C",40,15,9,21,15,20,7,44,1,5,25,6,3,3,34,13,15,12,5,11,10,11,19,11,11,11,5,9,19,5,6,14,12,12,21,8,23,9,6,8,24,11,27,33,21,4,17,4,4,8,4,57,8,13,22
"FAM54A",92,62,28,235,37,287,187,155,269,31,240,131,36,60,625,40,152,99,55,92,109,8,322,74,83,569,36,196,90,203,188,66,94,207,407,335,40,69,10,22,39,44,450,48,116,23,34,85,31,62,75,160,225,114,403
"FAM72B",157,224,37,196,322,851,116,880,112,41,302,260,39,129,1165,132,265,188,128,165,36,17,653,389,213,199,49,251,198,332,488,95,115,814,396,429,44,79,9,69,230,139,625,181,302,27,105,119,67,150,188,672,258,100,829
"FAM72D",45,142,15,102,136,518,59,546,38,15,119,120,18,60,394,67,110,89,84,97,13,4,250,112,67,96,20,139,101,200,228,31,27,239,155,214,8,24,8,22,100,45,296,81,142,16,77,53,11,52,72,225,135,54,465
"FAM83D",13,361,105,144,12,991,206,1208,310,95,560,418,71,281,893,100,517,218,261,340,96,23,504,633,182,85,46,185,83,739,671,68,212,146,1150,2144,4,73,8,11,277,27,305,288,37,16,20,256,34,285,178,1199,118,182,1408
"FANCG",729,641,234,865,189,1849,325,1374,326,554,821,1034,193,266,692,555,525,952,450,277,323,354,835,300,298,233,76,958,165,775,1002,750,264,967,2035,1490,59,177,17,174,214,355,315,349,176,91,164,153,186,306,547,2091,400,376,898
"FANCI",951,938,352,907,414,2368,802,3037,1428,280,1400,1157,161,743,2088,425,934,733,764,726,825,607,2917,900,719,1365,263,1391,698,1236,1554,334,1413,949,1992,2385,104,248,75,324,770,416,1733,895,745,154,62,484,265,342,494,2248,1390,347,2890
"FANCM",359,217,244,264,73,439,405,417,271,107,211,258,92,108,459,144,319,198,205,225,426,147,593,201,147,153,78,196,104,220,279,248,189,536,448,257,72,66,5,58,346,109,368,183,193,35,140,242,63,147,154,432,354,159,492
"FARSB",2084,1912,1434,656,1743,2989,2069,4361,1085,839,2034,3139,640,852,1871,1068,1336,1240,892,663,1094,870,2265,652,570,980,502,2338,1639,891,1628,2767,1663,1519,1932,1795,836,333,115,869,1502,818,1806,1967,1595,258,1694,1464,368,817,603,4012,999,638,3773
"FBN2",1982,7911,936,426,162,29045,4936,70,7415,45,3811,825,133,1018,2142,479,1453,187,1568,71,2910,895,10419,20,124,4745,263,3817,589,7310,3553,3541,36,319,5197,2022,468,580,87,226,3745,2150,8210,86,484,36,297,75,46,5086,87,516,63,347,3273
"FBXL18",806,1276,1270,575,465,1100,958,927,410,401,1158,1507,114,554,1016,642,504,503,855,213,531,604,2099,680,193,400,172,1062,613,684,1599,1348,1039,674,1449,728,128,60,26,378,1634,294,1202,775,1430,144,359,556,222,853,56,1285,621,296,1566
"FBXO10",1037,1551,276,1040,1446,3338,492,286,545,516,5963,1952,219,222,1427,621,2067,668,496,439,865,329,2312,130,265,1678,240,798,286,690,934,870,412,3012,3073,584,238,129,19,110,459,701,1353,575,841,74,816,755,129,489,360,823,527,411,2231
"FEN1",959,869,1174,799,310,4786,1921,4986,974,635,5415,1378,288,592,6220,810,4373,1235,746,530,988,441,5240,2197,1111,1127,325,1599,1086,2131,2490,2289,1432,1316,2991,1885,319,332,39,338,1011,848,1386,1401,994,150,921,848,150,748,434,6346,887,417,2046
"FGFR1OP",837,529,176,262,454,1203,548,620,817,124,646,330,149,249,835,158,319,296,303,325,908,368,343,191,129,104,119,615,233,529,528,370,433,484,717,774,114,92,13,128,237,366,359,205,285,84,281,443,166,354,154,494,434,554,445
"FOXM1",158,2077,378,1337,49,5244,1277,4250,860,203,1352,1742,111,337,5601,391,2227,1248,1048,742,227,89,3676,1154,794,693,257,857,487,1475,1725,224,1998,911,4859,4492,18,400,16,126,499,370,1397,318,358,141,35,487,76,628,532,4156,1077,287,2328
"GANAB",13067,28661,10739,5973,11730,21679,18980,33000,7487,6301,23330,10305,5601,6052,18986,15509,23315,17612,14231,12200,12240,8234,26223,16611,6312,7307,2893,13890,7529,15628,11049,17326,9989,17699,14926,18495,4268,2820,774,6585,10261,5979,15323,13368,8931,3008,15241,4786,3292,7951,7633,24341,7456,9621,20476
"GDPD5",172,346,276,369,152,2304,237,381,312,154,3830,206,100,160,1373,809,475,254,121,97,312,155,312,318,76,789,10,365,155,401,106,339,576,211,919,174,82,40,30,245,456,282,833,217,170,144,112,53,72,152,20,1225,26,154,259
"GEN1",336,309,263,654,301,1026,580,749,438,167,368,304,188,259,1213,250,547,293,386,202,448,212,744,325,182,223,120,293,306,347,641,230,754,520,725,594,135,241,48,154,331,748,364,281,429,107,1437,490,136,374,231,1133,807,157,595
"GINS2",259,229,253,1073,39,1614,751,1794,523,256,2074,664,214,240,1246,81,712,1275,629,136,222,179,796,358,578,399,209,825,308,655,1151,221,543,291,2062,1263,35,474,32,249,107,181,388,201,90,89,93,231,79,322,436,1943,783,166,593
"GLRX2",693,591,251,142,639,1091,246,1469,320,252,999,977,153,584,644,316,779,362,249,702,288,131,1194,186,262,680,287,1155,330,1353,364,515,478,468,745,426,258,146,68,441,298,178,1228,867,841,71,366,620,178,618,182,838,361,160,461
"GMDS",393,252,288,130,156,1048,350,475,292,139,1196,412,95,159,582,336,541,179,176,246,331,281,426,72,77,647,117,448,185,272,200,249,357,294,230,126,97,43,13,149,239,21,108,134,382,138,229,111,68,171,127,1194,164,248,669
"GPR89A",1729,3944,1428,708,1151,2634,2604,2079,1005,1049,1752,2419,700,1186,2270,858,1384,1887,1695,1259,1222,812,2077,3502,547,923,508,3045,1377,2559,1383,943,1472,1500,1217,2001,594,315,90,667,1789,539,2930,1772,1516,364,5436,827,690,724,808,1535,1016,1241,2064
"GPR89B",9,172,23,2,11,167,46,49,67,18,6,32,5,9,25,33,6,10,27,9,18,11,15,37,31,7,6,9,11,34,5,14,19,11,64,18,2,1,1,1,66,1,16,56,6,1,80,13,5,24,26,55,14,12,24
"GPSM2",4868,4056,203,141,264,343,836,2628,301,122,364,434,116,381,2306,304,531,205,350,355,598,94,1750,1424,236,717,131,1278,1245,566,919,141,306,281,901,1072,295,80,12,87,306,228,1829,635,345,73,169,251,113,464,196,1651,670,230,1494
"GSG2",9,77,26,29,16,214,51,93,14,15,50,62,9,13,135,28,59,52,32,20,21,3,232,83,9,32,4,41,14,136,100,32,30,35,188,157,3,10,3,11,20,9,55,30,42,7,2,13,2,22,36,230,29,26,170
"GTSE1",30,335,127,414,4,720,92,1681,104,64,317,444,14,98,1742,139,500,142,89,77,55,15,678,470,188,184,101,244,209,572,807,173,309,140,1550,1340,44,82,14,17,121,285,968,339,30,42,20,128,33,143,142,1007,87,57,1834
"GUSBL2",408,348,97,547,189,410,353,334,137,77,210,404,96,51,252,247,219,247,95,152,104,216,170,93,224,177,100,125,113,326,280,122,72,245,295,242,131,54,41,82,338,407,63,563,435,76,197,101,356,128,32,183,207,177,134
"H2AFX",3218,897,1006,2396,808,6354,2379,4354,1523,635,4192,858,815,1613,5977,1390,2903,1488,986,593,532,1560,3753,1233,654,1446,495,2755,907,3465,2694,2868,1226,1253,3223,6324,710,642,238,794,999,3231,2491,2242,1130,626,407,1036,611,636,1055,8502,967,585,1494
"HAUS8",461,183,247,499,192,1115,550,423,459,136,1034,623,106,209,1028,290,750,357,72,87,211,183,353,371,76,547,48,522,319,1011,714,821,456,720,1607,723,215,64,7,83,342,408,451,537,52,51,85,194,55,198,207,677,247,112,573
"HDAC4",1731,2028,602,1064,607,1445,1527,1339,733,363,816,733,401,686,1092,794,1127,679,821,258,671,622,700,533,247,517,190,1040,1062,2269,753,1010,656,1199,1704,1143,279,191,75,378,413,1294,863,1181,595,89,946,390,182,808,148,788,416,354,1750
"HELLS",419,173,59,231,20,1570,475,1024,228,24,368,192,57,81,878,35,938,118,70,65,136,312,316,142,54,334,38,238,71,502,410,224,162,104,788,641,5,56,9,11,226,198,371,74,37,13,41,113,21,154,92,1361,226,78,849
"HJURP",42,241,53,538,13,2333,133,2775,323,25,874,517,33,76,1375,116,676,148,117,58,57,3,323,172,96,198,35,361,172,1360,779,57,201,247,1617,1506,7,226,10,8,100,548,592,430,22,34,13,141,36,110,167,1365,139,44,1537
"HMGN2",11887,10602,9022,10604,6438,19921,23898,29745,12574,6732,25692,17980,5868,5096,11209,13332,19637,16411,6874,7661,8392,4639,12761,5309,5370,12887,2880,6476,8122,13737,13945,22566,6435,10787,25550,29973,1841,2897,861,7752,14977,5570,12464,10983,13254,4555,2458,5973,4699,6421,6419,22905,7759,8594,10668
"HNRNPH1",6204,9565,6670,8134,7452,12037,10941,9687,7495,5128,7690,10361,2697,2808,13503,5895,8298,7513,5330,3649,12424,9668,11766,8813,2078,4168,1453,10320,7849,12791,8288,7387,6495,8103,8982,10442,2869,2209,415,1552,9906,1414,6933,6283,4726,1894,7143,4278,2800,6141,4318,13745,7041,5747,10630
"HTATIP2",6630,2567,2120,997,4378,7305,2903,3500,993,2080,3802,4270,456,568,2176,2083,1091,1087,858,1225,2073,486,2956,37,533,2945,798,2835,1243,3048,2161,1346,2112,3387,2898,237,2031,394,51,610,3336,33,7993,3565,2963,268,6458,1716,347,3320,275,2156,769,1293,2492
"HYLS1",320,179,122,327,62,1046,150,537,306,154,267,96,121,267,596,180,318,162,95,62,251,166,144,122,107,188,64,227,115,302,528,152,254,433,563,226,118,104,14,108,277,140,119,557,257,74,234,325,133,168,89,1010,90,154,250
"ILF3",12718,12697,10924,12537,6902,16615,19546,11565,10147,6275,11875,13153,5175,7887,19132,7669,16232,9989,10405,8801,15105,10559,14035,12915,4695,7043,3423,9664,11751,20562,12822,12390,10069,12562,15679,23545,4096,2367,761,3655,12937,7610,11504,12819,7179,3129,8712,8270,5325,6526,6293,16453,13904,9530,17298
"INTS4",1183,1162,605,407,1229,1361,1377,1305,554,305,1219,703,247,440,1517,704,1022,914,898,731,632,611,1305,595,482,561,246,1140,481,1005,601,1748,730,1057,1083,981,341,210,53,406,546,691,971,873,799,154,1192,504,239,374,254,2902,686,553,1051
"IPO9",2393,6898,1689,1525,1557,3321,4221,4702,1586,1317,5631,2301,952,1516,5055,1993,3187,2412,1833,3971,2352,1290,5039,1737,1344,1552,777,4207,2666,5520,2525,2466,1950,2023,3648,2709,1241,542,281,1101,1645,1480,5001,2894,1663,612,2238,1131,1126,2574,1277,5423,1581,2785,5737
"ITGA7",650,1915,1274,3890,522,1025,525,117,349,738,2030,207,412,278,1138,654,477,779,487,367,548,414,2899,1321,479,156,52,469,584,546,510,752,290,180,1519,493,747,123,21,306,2537,78,6267,193,788,103,141,284,122,2031,75,3718,314,366,2610
"KIAA0020",762,1193,688,335,555,1627,757,2299,523,807,796,2531,273,546,806,1133,975,1112,676,980,1483,517,565,790,391,860,398,1097,531,2032,1308,1224,696,586,2861,913,199,165,72,365,1161,233,669,783,1193,133,1457,605,204,889,522,3097,666,1003,1554
"KIAA0101",139,243,109,904,16,6263,323,3255,742,149,1624,553,103,354,2252,132,969,429,250,117,134,20,4017,380,277,488,95,633,252,925,1319,129,791,304,1166,2393,26,126,18,61,269,309,985,423,59,47,14,257,54,155,330,1584,818,93,1231
"KIAA0562",2754,3213,1086,669,754,1169,1579,2421,933,768,537,2343,443,865,1158,881,2230,1304,1446,1103,1442,693,2356,2308,930,594,441,1324,826,1909,1723,1622,1717,1070,2427,888,749,276,96,716,1605,1380,1686,759,1409,297,1866,853,363,926,568,1114,997,979,1882
"KIAA1524",185,574,50,86,18,864,236,995,147,198,125,208,51,90,953,102,297,375,325,400,148,55,538,224,92,146,34,296,112,453,430,165,159,244,536,831,27,57,8,35,88,63,189,175,98,59,21,83,31,243,140,997,171,221,407
"KIAA1731",402,855,300,572,370,1140,331,968,441,218,280,253,138,458,1144,467,442,403,448,473,335,374,1073,662,275,295,234,465,263,600,634,598,376,1123,736,711,270,213,61,148,364,922,631,847,302,118,604,329,277,225,280,1425,658,295,607
"KIF11",271,1326,185,914,88,4642,1071,3717,825,250,847,837,186,282,4401,240,1345,641,462,315,557,99,1659,695,401,567,128,606,325,2413,1928,322,620,666,3637,2962,47,249,12,97,672,566,1534,479,165,70,132,349,92,757,571,2646,414,260,4172
"KIF15",39,278,19,71,13,650,131,480,109,30,243,270,23,48,690,58,178,194,149,85,60,16,247,258,45,123,38,117,35,358,354,19,110,251,606,1110,2,36,1,13,52,95,486,138,21,22,15,44,13,57,116,974,178,65,492
"KIF18A",97,201,53,209,10,584,492,942,185,22,173,163,18,138,1095,29,301,146,106,58,49,20,331,109,87,145,26,210,43,352,451,111,170,229,1007,691,5,72,5,19,50,242,518,194,45,11,9,115,31,72,63,773,155,54,373
"KIF18B",19,274,59,328,11,916,202,1491,264,29,494,308,38,102,1611,115,388,268,106,84,25,4,1195,539,113,196,41,263,454,465,607,33,234,176,697,1226,2,121,4,11,89,169,293,94,37,23,5,84,13,97,343,1072,223,56,695
"KIF20A",61,283,186,1390,16,2919,230,4195,945,32,728,1146,54,252,1938,246,1175,357,412,207,150,24,1298,397,674,170,150,219,318,1775,2314,98,701,52,4290,2490,9,641,40,43,386,755,871,487,38,33,19,579,47,362,554,1602,227,93,2889
"KIF20B",248,989,166,334,80,2204,714,1609,394,198,284,430,134,197,1556,168,803,370,302,335,513,186,885,379,197,419,64,192,191,1042,683,216,287,513,1754,727,35,98,18,64,406,230,603,281,112,47,78,350,94,563,351,1220,330,329,1748
"KIF23",134,418,180,431,45,1774,245,1960,486,76,598,554,49,238,1686,140,755,307,265,153,238,51,2308,574,278,327,89,490,248,920,1347,215,780,232,1672,2133,21,102,3,30,381,95,1097,441,73,34,27,223,41,210,219,1141,318,112,2438
"KIF2C",86,244,105,551,36,1999,219,4233,353,87,1693,900,35,84,1323,156,1272,204,175,115,38,19,1239,250,198,301,77,450,94,985,872,136,358,254,1673,2195,8,113,9,34,91,404,1005,182,36,34,44,134,26,94,127,1503,193,58,4140
"KIF4A",59,424,183,619,7,1748,188,1767,380,49,440,631,37,116,1175,127,659,373,289,198,82,9,1444,458,303,142,69,324,172,689,1376,81,576,161,1368,1400,8,111,9,36,191,121,746,175,38,32,5,206,24,204,237,1061,330,99,2169
"KIFC1",79,371,118,510,23,3023,154,3842,390,71,1190,475,45,125,3644,288,594,302,189,189,134,40,2198,913,232,296,45,458,268,1733,2051,138,297,229,2028,2438,15,160,14,35,147,274,516,442,66,52,27,190,74,89,230,1904,317,237,2108
"KNTC1",484,1777,637,1684,257,1602,1230,2951,628,459,858,865,342,571,2474,350,590,1113,937,805,785,554,2841,380,653,349,319,858,398,1031,1619,382,655,811,1548,1863,158,621,153,274,595,684,814,842,646,216,211,611,304,1101,562,2538,1617,637,1652
"KPNB1",8465,8134,5531,3659,4969,16307,10435,12010,5180,6154,7738,7323,3408,2885,20288,5270,8110,11360,7524,6124,6741,4307,18487,6590,2703,6137,2255,11084,7387,11967,6278,12980,6910,8004,16485,10702,2693,1420,301,2234,8978,1885,5568,4065,7652,1623,8161,6251,3173,3606,5601,11311,5333,4449,11635
"LBR",580,740,294,335,651,906,468,2407,436,390,763,277,284,516,1581,1396,772,689,457,628,384,330,1933,254,330,374,133,649,636,857,692,277,310,582,635,1277,118,182,44,241,413,125,988,950,324,246,297,343,223,410,207,3097,374,755,669
"LEPRE1",3727,3382,1885,2414,866,4399,4106,5988,1730,888,5146,4305,1224,1674,3216,2385,4315,4258,1861,1204,1399,1582,2373,1484,1061,2864,833,4609,1361,3506,1856,3327,2781,2924,5118,3064,652,804,149,988,2428,2783,4321,2044,1060,546,1199,1674,667,1857,2222,5760,1164,1450,5500
"LIN9",119,358,99,115,35,378,252,507,111,102,133,206,61,84,681,139,439,173,138,73,130,37,346,226,83,176,33,191,116,275,177,187,92,348,389,300,33,51,12,33,194,114,342,123,158,51,69,80,49,149,113,455,140,101,408
"LMNB1",492,902,490,741,87,2575,675,5794,591,116,1129,695,183,311,2716,613,810,754,360,350,217,122,1723,601,463,364,165,483,602,2060,2047,126,347,406,3634,3962,78,355,35,64,328,676,904,452,62,134,101,502,86,288,564,3320,413,317,2081
"LMNB2",1305,4217,2446,2495,1151,7123,3377,5060,1915,944,3496,3315,664,1582,9352,1613,4249,1810,2082,1234,1550,1248,5041,2235,778,1855,787,3735,2156,9760,3839,3221,1875,2277,3827,10155,315,271,93,608,1429,1312,3604,2108,929,533,911,1191,470,991,1034,7317,2479,1508,4207
"LOC100130932",213,155,90,165,143,279,142,403,87,85,305,140,86,129,227,82,190,96,68,72,107,132,142,135,57,136,60,196,217,194,117,169,112,265,209,159,86,67,25,110,140,73,157,201,195,36,49,165,58,70,53,256,80,44,211
"LOC100302401",60,62,50,18,47,63,41,195,15,22,75,126,6,19,43,54,106,18,16,26,49,28,53,26,33,25,6,21,16,81,54,26,38,22,61,39,8,11,2,15,40,9,49,23,37,5,22,23,5,40,8,64,27,16,73
"LOC285074",503,313,202,420,298,551,378,290,209,102,257,305,100,283,449,242,263,151,164,231,300,143,256,491,114,177,62,307,273,180,227,274,262,259,553,363,156,206,23,106,631,623,293,215,287,112,687,208,104,146,175,683,203,121,600
"LOC541471",1317,1068,548,1323,512,1500,1435,2382,733,129,1030,721,284,1427,1372,382,822,522,194,322,480,374,509,676,194,924,356,1336,1353,518,443,287,907,918,1149,324,666,516,114,613,947,662,693,1121,450,246,597,762,215,321,228,1560,300,237,623
"LPIN1",5013,995,2747,636,3004,4347,1624,724,956,2815,4887,1099,556,1183,8871,3009,2444,1473,2401,3138,2897,1718,8801,1598,1140,2472,1061,3010,3273,4939,1195,3404,2051,1282,5875,1698,1428,527,161,658,2113,503,3519,1529,3561,553,1175,3222,630,920,998,7012,1890,888,1974
"LTBP1",6980,5321,2093,1083,145,6176,2374,4705,556,286,1262,784,1210,1317,1985,568,1089,1227,145,334,961,1274,4965,3686,122,969,205,2260,1775,5740,687,1559,456,1048,3581,1775,346,78,25,213,2192,304,3891,644,171,124,303,485,96,1700,318,7921,213,219,10612
"MASTL",1275,913,191,436,324,2791,870,1077,566,328,495,533,224,394,2737,489,584,711,504,322,552,374,630,632,306,866,167,695,376,1250,1608,415,456,686,1872,966,145,166,15,99,712,558,547,368,579,44,373,291,179,548,500,1328,500,329,2085
"MCM10",33,175,29,166,11,1230,181,712,154,30,114,144,23,41,829,40,153,123,62,28,65,42,248,79,67,126,16,195,45,421,685,53,123,54,542,822,6,49,3,5,36,125,117,38,7,3,9,12,11,88,101,934,123,41,734
"MCM3",3828,2796,1938,2077,1965,7595,5369,8657,5187,1470,7136,2766,1466,1666,10557,2880,4594,4516,2783,2115,3472,1929,7455,3399,2143,3389,811,3810,2732,4948,8955,2335,3104,1886,6788,8613,643,1264,148,1161,2261,1263,2231,3223,2066,962,1093,2325,1007,1312,1659,4329,4486,2478,8397
"MCM5",847,1362,647,1207,496,3459,1288,8240,823,610,3366,1751,372,823,4568,1816,2252,2323,760,1038,571,377,2733,1686,903,1897,285,1891,1322,1350,3139,937,1267,858,5263,2968,140,493,158,532,682,1285,2182,1005,658,462,230,444,431,483,605,3947,1106,1005,3891
"MCM6",744,1207,755,773,1271,4868,1787,6977,1250,667,5090,1714,587,790,5876,977,4478,2120,1528,1029,969,259,3938,1797,1100,795,346,3252,1049,2903,2705,1233,1444,1660,2737,3318,302,693,45,470,876,989,1735,771,826,276,345,1066,296,517,832,2709,1289,590,3494
"MCM7",1562,2522,1601,2101,998,7492,4249,8543,1701,1525,3341,3098,515,1136,4418,2496,2824,4633,2567,1349,1443,992,9568,2408,2120,2065,523,1844,4537,3832,7289,1519,2732,1649,5322,8420,611,852,68,655,1856,1114,2633,3433,1275,536,592,794,695,1134,884,8859,4045,1876,4957
"MED8",2273,1230,1208,586,1160,2131,1258,3587,1003,600,2182,2226,384,740,1352,1057,2741,1425,736,928,911,851,1532,576,502,1321,643,1812,860,913,1266,1985,1131,1206,2071,1447,379,270,62,445,1418,418,1718,1009,1327,380,337,1720,268,698,557,1680,1106,741,1950
"MEMO1",1367,567,417,488,713,1386,1240,2037,655,345,854,609,328,421,1686,563,1680,625,515,465,539,371,965,536,349,847,191,1182,517,895,688,900,548,426,1005,745,538,212,67,310,741,447,1245,658,993,155,398,679,221,426,270,1577,553,342,786
"MKI67",226,2397,403,3003,51,10140,555,8842,1142,175,1607,1663,100,517,7564,700,1904,663,624,607,423,24,4364,1720,469,503,269,765,655,4630,4609,212,880,246,6644,4923,41,405,41,72,971,1061,2657,926,73,60,61,490,94,982,862,8543,969,347,11256
"MLF1IP",470,623,215,1624,60,4161,1161,1492,870,366,1143,1304,224,240,3217,254,715,1725,1035,358,435,155,556,697,377,619,119,838,524,1946,3056,399,704,425,2571,2227,63,282,40,108,172,790,421,648,343,173,154,312,231,315,882,1034,712,277,701
"MPHOSPH9",197,1569,282,233,162,1124,790,702,300,390,316,531,114,166,510,185,316,582,591,694,688,149,897,305,237,164,178,531,157,639,322,251,404,261,874,1109,74,103,16,64,1185,103,189,249,491,66,395,344,114,527,168,460,358,680,709
"MSH6",6997,4334,2498,1387,4532,6878,6332,4964,3039,1005,5226,5264,747,1617,6974,1558,3416,2249,2212,1825,2919,1549,5448,4344,1252,3015,922,4397,3510,2580,4631,5687,2768,4055,4860,6538,725,557,142,706,2772,1683,2848,2186,4405,349,2008,2333,514,2664,712,2383,3331,1191,7046
"MTF2",1000,751,738,909,742,1299,1222,2024,777,337,535,653,329,555,1549,705,1428,714,588,490,652,585,1566,370,413,566,225,896,672,1435,864,1487,695,1443,1102,1447,549,341,71,314,624,731,1854,1490,728,172,264,533,266,468,496,1862,1277,531,866
"MVP",11750,14506,27675,16617,9008,7326,21436,7920,15298,24715,7422,16740,25719,18189,12581,20291,5976,36904,43362,28086,28857,19261,8860,20284,36165,9397,8406,22508,23570,16107,21869,24966,19226,19837,20427,3576,13750,13825,4183,25580,21393,3677,6118,29708,17135,6405,18448,28899,17082,14397,12999,13423,7561,39735,15664
"MXD3",684,328,288,1735,283,2886,591,1318,1089,298,1631,829,231,473,1304,333,923,590,359,217,315,485,634,839,290,518,228,657,408,903,1296,441,449,357,1711,818,300,526,172,408,472,680,754,796,408,154,196,494,279,562,610,1320,517,340,957
"MYBL2",39,800,123,176,10,1431,101,2529,102,41,2205,1000,53,65,4771,281,974,427,222,77,43,23,886,378,251,370,34,834,210,1851,847,276,197,417,1223,4611,11,148,13,24,101,281,566,125,23,42,6,28,14,77,189,3788,470,140,2215
"MYO19",1098,830,852,854,406,1838,598,1561,471,976,3023,946,184,456,2853,387,811,1042,669,658,807,450,2000,2126,194,479,571,1051,553,1491,1539,908,686,949,1630,1413,432,216,34,150,884,213,636,360,495,153,1016,500,378,588,647,2160,823,579,2303
"NAV1",695,3068,1206,254,376,2788,1168,310,392,259,1136,2709,249,349,1783,826,3370,503,247,682,555,338,1732,849,267,1275,149,2201,432,2625,515,524,1375,1384,1765,720,274,134,47,289,529,389,2577,575,1261,202,216,951,206,1283,66,4120,407,1117,1039
"NBPF14",184,1249,285,462,253,699,494,262,174,127,58,228,70,186,306,251,341,66,451,283,498,138,473,514,69,52,61,126,113,552,303,81,116,207,383,262,77,19,7,11,367,13,297,125,87,45,695,100,79,73,193,752,238,229,206
"NCAPD2",2576,4539,1752,1957,1546,5750,3851,7576,1850,1064,3383,3065,707,1215,8163,2321,3275,2538,2705,1622,2010,1199,3679,2919,1985,1867,609,2231,1812,4352,2743,1220,2814,2290,8986,7365,455,956,94,737,2107,1179,3502,1222,1922,247,850,1344,578,1346,1193,4028,2183,1138,3659
"NCAPD3",1092,1387,697,265,431,1997,754,1891,428,304,768,912,152,442,2154,326,819,487,640,692,631,267,2041,438,329,646,135,1061,313,1312,1014,864,754,772,2250,1444,140,124,18,152,862,268,1302,719,451,107,593,377,168,437,249,2808,625,510,1704
"NCAPG2",912,2826,396,922,78,1414,1842,1049,358,465,345,1168,117,149,1989,327,568,1370,916,596,1101,139,1724,580,555,320,136,611,237,1357,2101,393,681,445,1628,2983,37,171,14,184,1307,116,787,353,370,134,120,224,134,443,347,2344,636,1309,2116
"NCAPG",237,325,118,1267,10,2615,907,1878,918,93,1106,561,135,435,2733,216,842,803,453,268,196,70,1538,470,335,379,306,750,257,1640,2769,103,727,556,2035,1874,10,290,46,75,408,621,1003,520,157,92,13,291,115,618,806,2475,469,146,1800
"NCAPH",90,199,71,146,27,1278,282,759,168,50,464,273,52,39,2473,109,789,216,110,148,37,33,908,272,85,209,29,446,86,742,478,68,267,158,845,932,19,91,4,14,63,94,564,128,26,33,100,84,25,75,98,972,176,32,1220
"NCBP1",1385,1319,1199,1154,1088,2134,2209,2828,762,806,2243,3550,548,641,2273,1012,1752,1653,1097,1765,3123,904,2428,3059,694,1045,423,1535,1409,3038,2562,1572,1560,1335,3457,1614,358,291,63,408,2597,440,2040,1445,1502,203,1749,957,309,1585,943,2089,828,1055,2965
"NCRNA00152",1011,1031,232,867,140,1181,560,2291,623,83,1169,773,84,312,359,231,792,281,115,123,336,278,242,1119,113,647,238,1598,1134,275,433,349,296,361,563,312,334,323,42,295,558,390,547,791,261,71,348,162,47,315,171,1443,136,152,969
"NDC80",144,203,60,415,23,1777,201,1024,163,32,853,455,50,287,1429,171,422,160,121,101,62,8,791,475,192,208,50,245,203,1189,998,139,260,276,1643,1379,12,185,29,19,127,521,924,462,31,17,17,119,12,141,175,911,153,44,700
"NEIL3",4,45,19,108,2,216,32,240,33,23,75,37,7,18,163,14,69,55,55,22,10,1,106,86,31,36,5,31,42,210,314,4,18,58,158,453,2,23,2,7,39,2,32,45,11,3,2,23,7,30,36,358,35,19,83
"NEK2",36,483,52,191,340,1370,152,1503,199,38,485,360,19,110,1846,54,602,229,122,142,21,4,717,193,172,151,39,412,133,879,892,63,276,200,859,1026,5,86,4,7,49,86,494,176,25,6,16,109,19,183,158,925,158,64,1226
"NFYC",4338,3543,1568,1405,1182,2940,3614,2546,1702,1062,2503,2296,1020,1273,2995,2267,3452,2222,2113,1817,1801,1550,3258,1360,1167,1785,919,2563,1608,2261,1698,4304,1579,2118,3468,1693,929,579,227,1127,1771,1492,3103,2133,1931,512,2607,1691,880,1002,949,1386,1301,1543,2758
"NOP58",2631,1871,1588,932,2526,5042,3049,6802,2153,1037,2405,2922,798,1365,3600,1712,3236,1941,1539,1405,1973,1342,2104,2158,1241,1740,714,3748,3010,3720,1853,3517,2212,3135,2870,4436,650,668,166,1346,1881,1600,2363,3393,2431,481,1753,2259,741,1244,921,4531,1750,1156,3489
"NSMCE4A",1130,1632,675,1187,832,2309,1994,1284,1245,1077,1191,779,446,892,2651,823,999,778,671,417,1753,1072,1317,1373,550,933,325,1276,922,1034,1828,1313,702,1120,1370,1009,355,293,58,420,2342,455,1326,1869,869,233,984,719,535,1217,677,1882,603,754,1359
"NUDT15",1767,688,650,532,424,851,1275,1124,436,390,616,985,159,312,1455,487,705,779,508,567,662,496,872,1070,447,539,257,513,532,943,579,545,1822,504,1466,628,329,121,69,386,784,367,795,913,998,115,596,1103,227,180,418,1146,502,200,699
"NUDT1",506,268,178,470,146,841,293,1269,421,536,948,893,226,415,510,407,500,665,459,354,254,727,983,252,335,433,178,819,274,359,798,174,368,496,1015,639,73,207,65,568,275,225,326,472,348,363,118,403,216,156,231,1178,578,291,482
"NUF2",143,295,89,501,35,1056,293,1476,267,30,442,460,47,132,1517,106,629,202,125,115,48,24,857,470,152,296,67,437,145,858,838,85,297,796,1023,1431,13,172,2,26,74,334,1568,290,30,20,14,120,42,157,168,2172,390,63,1385
"NUP160",1853,1719,734,848,815,1579,1366,3032,605,658,1197,665,416,516,2350,1378,1617,1341,1568,1118,954,712,2650,2386,769,431,275,985,641,1156,1327,1101,1225,1252,1797,1830,450,409,95,580,879,795,1306,1335,796,231,1272,731,408,456,541,3140,822,766,1857
"NVL",784,1535,576,566,559,1319,1121,1488,546,342,824,1212,218,608,1085,608,614,587,561,665,692,390,860,402,334,574,241,970,982,1255,538,1118,620,799,1002,907,340,178,38,228,950,325,721,920,708,141,545,457,290,759,292,1683,367,991,2005
"OIP5",332,159,15,48,22,376,337,471,80,50,248,82,39,90,514,38,131,121,106,57,71,17,483,161,109,147,26,142,140,62,153,168,122,212,413,424,37,19,4,42,118,29,510,291,62,6,57,53,61,23,44,216,73,58,289
"ORAOV1",824,511,390,588,343,837,422,542,401,326,309,529,175,396,617,547,440,310,425,240,533,447,439,433,225,286,156,388,295,389,430,570,340,581,553,436,353,154,52,157,608,393,500,857,580,131,352,272,210,290,261,1120,588,468,327
"ORC1L",33,63,59,136,13,371,74,916,83,13,357,189,11,30,366,49,240,98,70,36,60,12,325,49,45,120,21,150,21,204,153,50,96,58,313,568,7,25,8,19,31,79,208,26,40,6,4,24,16,28,51,396,174,25,594
"PA2G4",7576,9153,6331,8314,6119,16234,14974,14850,10078,4941,10313,7830,4061,5888,8133,5550,9375,7668,6652,5510,6903,9519,17014,7334,5337,6239,4205,12226,6779,14811,5310,9063,8096,3783,12756,8681,3552,3396,1822,7545,7423,6583,6199,10014,8720,2438,2599,11231,3725,5082,4019,9854,7715,5820,9981
"PASK",224,221,130,529,125,493,115,460,139,102,281,146,126,200,517,207,233,198,188,253,99,58,677,139,168,100,55,227,120,254,219,115,140,493,327,313,56,112,17,82,24,216,158,213,162,54,89,86,123,61,124,551,196,183,501
"PBK",118,352,197,610,11,3092,877,892,821,169,1124,624,42,302,4483,88,2544,617,604,267,80,16,2827,938,700,596,122,692,260,3120,3265,189,1136,264,2297,5513,15,252,10,36,131,602,1458,254,73,19,16,335,39,321,309,1392,802,121,1744
"PCGF6",398,804,169,310,274,744,625,851,286,362,292,276,217,159,997,421,753,329,193,127,331,268,322,333,126,184,79,287,350,542,326,433,177,287,506,638,131,72,22,79,605,196,260,324,205,48,270,228,152,228,211,728,181,281,975
"PDZK1P1",21,26,21,33,8,51,35,7,18,27,37,19,11,30,23,7,21,26,27,3,20,28,16,26,11,35,5,16,8,23,19,8,16,45,20,17,8,4,5,6,30,41,52,32,17,7,67,7,26,11,18,21,9,31,12
"PHTF1",717,357,119,223,526,886,815,661,311,255,482,83,144,337,973,731,499,363,499,574,249,179,811,158,296,437,155,445,293,754,470,413,585,689,512,471,305,109,17,161,582,146,1058,451,1167,33,108,242,122,178,224,1093,260,172,633
"PIF1",37,44,16,117,13,412,25,515,79,14,157,103,13,68,268,40,91,16,23,29,8,22,266,59,34,39,28,114,22,102,133,52,92,122,157,447,13,22,3,8,34,82,241,95,24,6,8,46,7,20,32,888,34,14,228
"PIGW",712,212,503,196,149,277,386,302,178,209,392,477,132,107,671,221,305,463,137,135,321,139,385,403,112,95,99,155,357,306,443,397,259,100,489,381,108,47,21,80,538,45,199,168,242,40,271,158,64,224,247,644,124,64,256
"PKMYT1",177,461,233,1628,12,2098,2422,914,719,112,1199,1613,72,330,2400,155,1870,1336,463,172,113,7,1616,656,525,1017,156,1326,248,1697,1926,193,784,676,3723,2623,5,329,17,54,107,648,1324,159,73,33,7,98,22,337,461,1186,764,212,1949
"PLK1",58,471,255,609,26,2221,314,1959,301,82,1360,1020,46,113,1487,215,1545,503,392,241,102,36,1226,380,320,251,89,1126,250,1482,2115,261,842,80,2488,2942,13,147,8,21,312,140,959,491,25,19,20,274,23,308,231,2797,243,118,2482
"POC1A",226,706,231,199,354,2204,550,487,317,222,1067,757,98,150,1328,125,529,643,366,275,238,88,1369,924,313,759,109,1127,409,705,593,327,455,1313,1537,705,169,112,20,95,221,141,916,569,612,130,213,270,50,205,191,1549,541,515,514
"POGZ",7017,6772,2283,6345,1807,4791,3322,5262,2492,1742,1820,1820,1492,3194,3119,2497,3002,1944,2201,2267,3366,2632,3690,5576,1241,1290,950,2875,3914,5278,3530,3183,1477,3891,3604,1956,2409,976,539,1177,2645,2153,3243,4386,2146,965,8501,1622,2671,1464,2509,4893,3226,4120,3719
"POLA2",315,658,356,314,323,1459,521,1089,511,383,1073,461,123,343,833,461,652,826,664,463,398,339,1340,630,460,554,210,1001,223,587,961,587,312,536,1050,850,169,269,47,265,402,241,519,854,511,150,234,291,145,221,245,2368,548,300,848
"POLE",847,2736,830,2865,890,1750,1746,3106,1578,1041,1201,1323,514,1019,1680,572,1222,1926,1813,860,989,1414,2215,1208,881,864,561,1383,452,943,1641,912,1260,1405,2120,3495,339,603,167,666,924,1254,1035,1811,1412,464,549,988,991,678,1624,3037,2330,1208,2029
"POLQ",62,209,57,240,29,429,222,507,160,66,154,86,27,70,704,31,199,272,139,106,60,9,514,52,75,254,47,300,25,218,499,40,78,574,677,644,11,56,4,12,60,224,225,35,67,38,2,75,12,199,175,580,310,93,263
"POLR2D",1089,1167,676,357,1799,2881,955,2172,860,396,3211,1322,391,479,3036,624,1765,638,692,712,900,455,2198,1019,440,719,487,2685,1074,1756,1148,1147,1002,2702,1285,1464,239,245,67,389,1011,775,1636,1567,1233,145,657,836,229,630,218,1268,862,487,1300
"POLR3C",418,1136,405,234,804,689,831,1850,431,314,607,673,161,413,935,817,591,460,461,559,499,275,774,824,321,356,159,723,608,1081,571,715,459,849,688,630,172,100,29,256,461,287,869,928,502,109,2031,297,204,195,147,1109,256,681,1010
"PRIM1",58,519,124,39,163,431,164,470,118,139,1086,511,37,83,827,190,212,311,317,258,229,50,1189,179,201,101,66,237,185,1110,392,169,280,298,254,543,11,65,6,88,170,15,154,78,243,33,51,148,38,347,124,330,175,221,532
"PRPF3",3810,1943,1023,2647,872,1818,1125,4301,900,540,1229,1659,282,906,1323,1051,1006,941,703,657,1785,1288,1379,1991,541,582,307,1386,1826,1693,1510,1094,1308,1434,1698,1338,1233,299,123,667,1886,644,2145,1983,1466,326,5094,803,454,749,783,2731,650,1319,1285
"PSEN2",2809,3277,1768,736,2830,6629,2445,1090,1253,1108,7036,4511,1012,1428,6121,745,3584,1947,1175,1269,1552,931,2385,1973,851,2883,448,5099,2337,5268,824,1886,2771,1944,2636,337,1406,307,132,757,1998,855,2627,1903,2877,473,2264,1569,889,1982,836,1361,1300,1289,2434
"PSMA1",4781,3206,2934,1710,5385,6899,5905,9026,4344,3563,5811,2803,2076,2408,5576,4207,6879,4067,3550,2640,3243,2507,5357,4020,2536,5152,1733,5918,2399,3128,3652,6084,4395,3637,5475,4325,2292,922,225,2212,4722,1518,4930,6052,5348,996,4817,3537,1256,2940,2540,8365,3136,2453,3931
"PSMB4",14691,12322,7944,7528,10279,31647,13562,35042,10640,7941,24670,11711,5727,11811,11800,9913,18089,9027,7293,7419,6286,6949,10350,13961,5524,12514,3699,20296,12321,15321,7807,16211,10113,9580,14516,7753,10366,2855,1364,8046,9392,4375,11792,16613,11004,2989,18127,10001,5946,6234,5008,15720,7134,8422,11563
"PSMC3IP",303,158,76,292,32,268,344,1261,90,124,610,236,97,75,927,95,294,394,77,27,57,42,902,216,96,167,43,418,125,254,361,514,135,203,343,770,54,108,25,40,114,215,235,146,59,28,61,67,38,75,208,738,171,44,182
"PSMC3",5935,3421,3479,3747,4234,7482,7724,10838,3321,2918,12351,3139,2100,2983,7121,5223,4585,4503,2837,1819,3522,3417,3502,5527,2466,5137,1912,6028,2820,4635,4168,6771,4294,3174,7514,4354,3876,1538,662,3103,4005,3982,5792,7653,3928,1076,4309,3838,1525,2848,2230,7991,3430,2264,3049
"PSRC1",205,195,174,538,52,1117,200,1123,401,72,374,239,48,207,484,105,372,142,122,298,64,74,289,184,151,160,125,243,171,596,505,87,216,121,850,920,29,104,8,76,110,172,425,167,70,33,12,822,39,138,112,1270,200,145,754
"PTBP2",1825,514,394,791,194,408,1004,1434,423,299,306,353,269,343,492,636,336,552,360,700,329,679,727,179,185,242,129,267,304,401,559,381,326,580,611,960,400,247,57,311,435,493,938,974,801,141,78,182,253,340,294,1801,316,346,348
"PTPN4",329,739,131,44,239,539,183,405,90,110,290,272,48,80,369,230,356,174,192,185,180,85,228,226,55,141,47,711,181,385,105,171,200,353,319,223,122,28,7,54,197,151,336,268,291,53,342,107,42,168,38,520,119,91,233
"PTTG1",123,423,362,1355,26,4579,434,6333,1723,173,3490,1568,122,796,3365,247,1952,707,435,381,159,195,1527,1285,559,652,320,1733,464,2579,2890,301,991,507,3886,2830,41,833,55,169,402,1079,1542,996,116,230,18,1184,194,710,871,4800,576,970,2946
"PVRL1",1107,1261,2566,2653,163,3611,2971,5271,593,161,840,3659,263,382,2274,556,727,312,333,146,1088,1023,3763,887,189,330,87,1589,468,4223,745,1343,2501,687,2256,185,112,50,31,155,693,128,1330,375,782,110,224,807,67,2171,220,1176,152,226,2563
"QSER1",988,1906,599,500,362,879,1325,2605,359,423,558,443,246,328,1409,1026,621,735,661,660,602,324,1309,1211,282,433,127,497,617,849,864,550,478,858,741,1064,297,163,48,175,783,530,684,812,529,196,776,238,228,466,359,3196,409,417,1277
"QSOX2",944,2248,1791,1610,837,3867,3359,2965,710,588,2417,2606,321,455,2195,449,2023,1376,560,1262,2834,695,4612,1172,537,1682,416,5625,1405,4268,1860,1415,1705,5396,3241,4564,385,281,45,330,2385,875,4052,1587,1690,118,1019,631,322,1949,666,2004,834,638,2778
"RACGAP1",314,1501,460,933,165,3560,1223,2514,878,342,1722,1919,203,305,4157,345,1887,846,781,887,488,109,4067,898,597,651,214,1891,378,3279,1674,266,1059,948,3720,4060,50,289,43,210,487,322,1411,499,252,116,87,653,120,751,554,1878,720,694,5162
"RAD51AP1",61,359,83,228,31,1213,549,847,269,74,250,429,70,63,1293,85,785,375,304,116,79,30,1040,209,183,160,62,193,79,518,529,116,251,165,930,1322,7,151,6,49,141,53,285,45,50,39,17,155,41,137,256,509,483,117,334
"RAD51",48,145,28,86,15,697,113,647,194,14,343,248,12,43,693,90,133,168,114,56,46,6,687,190,72,201,18,209,70,122,372,92,174,237,424,639,16,31,3,6,63,29,329,92,32,7,6,39,11,51,54,519,141,34,698
"RAD54L",64,79,87,287,23,604,151,1381,243,13,196,262,12,70,263,57,222,148,75,52,35,29,290,112,103,130,33,105,35,315,348,46,150,196,558,1022,5,75,5,6,31,146,269,46,35,13,1,50,9,59,69,721,247,37,521
"RBM14",2016,2188,1316,1820,1410,2610,3216,3711,1587,1108,2325,1854,722,1227,2202,1709,1968,2136,1855,1496,1909,1890,2064,2288,1090,1138,535,2029,1635,2427,2298,2047,1329,2292,2847,2042,637,396,114,827,1749,956,1620,2635,1762,494,1749,1197,887,1129,1088,2559,1059,1777,1744
"RECQL4",563,234,159,1650,44,931,1507,3807,616,297,635,563,112,268,1879,188,2171,745,454,169,133,264,1013,481,258,534,82,808,258,1430,959,2345,441,954,1574,1842,107,270,49,124,223,1320,701,283,67,98,61,154,81,129,268,3335,885,177,535
"REXO2",2543,2459,1675,940,3385,5302,1666,2756,2130,1460,2142,1718,857,1259,4348,2793,2806,2195,1523,1955,2051,1188,3003,1577,1179,2275,1024,4433,878,1999,1879,2012,2414,1815,3471,2305,697,520,66,859,3200,559,2571,1969,4422,330,1715,2483,490,1670,659,6375,995,1481,1699
"RFX5",1876,2828,649,885,758,5577,1992,3472,805,866,1514,1008,399,1696,3187,1119,2466,1478,1124,2122,1040,713,2874,5075,739,810,553,1867,2131,3496,1158,2017,567,996,1475,1078,1060,382,81,350,1277,708,3763,2035,1268,372,3736,585,491,1397,713,2202,763,845,1279
"RHEBL1",9,66,16,46,14,206,44,289,74,13,129,107,23,78,99,34,56,50,12,61,54,9,211,162,15,15,11,140,73,131,42,78,24,76,148,137,11,20,7,16,79,11,37,89,39,12,14,93,14,25,40,105,19,11,69
"RIBC2",4,3,5,76,1,71,25,284,37,14,110,62,7,15,115,6,61,111,11,12,11,4,43,2,31,46,8,27,8,64,136,11,18,10,108,62,3,33,2,2,28,1,45,20,8,2,3,6,3,44,8,112,17,19,53
"RNF115",547,1434,432,384,595,1823,1338,1242,557,331,534,549,250,387,1002,584,856,531,598,892,794,237,975,578,189,438,188,1093,428,845,811,622,505,552,801,631,149,104,22,262,866,219,793,864,713,90,2720,319,227,418,385,1241,337,476,1208
"RNF144A",3329,8244,3737,5989,430,6204,3841,3515,1317,730,2618,2829,1088,781,3578,6622,2874,3707,1990,1830,3468,1189,4224,4528,1678,1932,1276,758,3217,3936,3596,1951,1219,2379,4262,5768,1552,568,131,1086,3761,2094,2323,2296,2354,897,3402,1732,590,1657,610,1439,2938,2447,3336
"RPL23AP7",220,223,56,58,125,271,168,191,149,61,296,226,42,46,419,158,451,129,134,128,94,76,346,145,58,117,25,124,203,216,61,125,137,192,173,165,71,53,9,32,67,26,141,131,234,55,63,199,25,52,45,343,94,60,73
"RPS6KA4",1814,1880,1292,820,612,3824,1769,3086,994,741,1726,753,441,998,2217,1559,2529,937,1446,1936,1291,1251,2798,1073,789,991,822,1516,777,1430,1231,1852,1117,928,1915,1194,362,319,156,789,1278,832,1760,2435,1624,520,893,923,353,719,393,3992,1292,1604,1735
"RRM1",1921,4365,2967,1078,3329,4702,2335,5067,1596,1297,3814,2818,680,959,7595,1878,2863,2359,2307,1760,2227,393,3230,3910,1236,1832,683,3190,2176,3078,4234,2423,3920,1618,4726,4282,666,496,29,453,1678,760,3394,2406,2810,304,2752,1336,408,1616,1137,7274,1390,1772,6369
"RRM2",67,408,404,582,41,5435,323,8446,438,140,4285,862,91,111,6692,406,2797,648,635,285,184,20,5085,780,604,791,205,1083,632,4349,1626,419,839,86,2416,4743,24,322,10,30,473,259,3011,406,36,33,12,288,58,462,453,4331,535,221,3317
"RTCD1",1379,1773,1024,499,2086,2927,1551,2642,998,805,1137,2045,565,628,2234,1321,1473,1382,1201,1379,1371,595,2954,603,664,1497,596,1416,881,1486,1233,2443,1637,1302,2091,1257,1020,203,69,489,1796,332,2367,792,2129,304,430,1226,452,1196,504,2420,1334,986,3419
"RTKN2",5,38,10,62,2,68,109,185,74,22,4,37,21,22,510,22,65,43,19,20,10,5,273,73,10,6,18,9,62,57,89,16,27,84,249,176,1,12,3,15,45,7,105,45,7,19,3,30,6,76,73,201,13,21,82
"SCAP",12189,21710,8844,6900,17672,35376,10771,2635,6149,5596,40317,23946,2227,4802,21209,4439,18628,7235,7483,4957,10493,4966,16595,16483,2009,18257,2629,20795,13932,29081,6407,19641,10415,17268,27048,8729,9038,1425,543,2532,11654,8123,14534,12106,14386,1619,5538,5315,2083,7190,3487,3633,5091,4705,19820
"SDCCAG3",1193,1085,1036,1436,810,2055,1443,2451,576,1122,1477,2371,435,509,1114,1152,1604,1462,641,900,1939,765,1216,1469,435,791,273,1533,1166,1926,1122,1112,961,1784,1654,1228,496,297,78,398,2233,264,1219,1901,1009,195,1186,477,483,1220,755,3327,671,1213,1481
"SEC61B",6464,3632,3792,7231,3286,9012,7355,6929,3757,3107,5658,9288,2677,3014,3886,3620,7212,4643,2253,2369,5466,4408,3698,7400,2027,5111,1591,5217,5102,7821,6026,4979,2984,4507,10694,3885,3004,1329,433,2869,6891,2906,4329,7016,4070,1362,2881,3851,1888,4019,2714,3820,2657,2948,5524
"SEMA7A",1076,4430,205,2478,5614,2124,565,217,2475,44,9356,1497,28,1774,1281,1373,3171,114,266,1982,362,132,14461,624,1099,3448,493,3043,424,1485,812,8164,1420,4120,3813,3236,120,114,333,464,3950,1784,6800,605,3857,257,270,1114,41,621,7,1755,279,170,3653
"SEPT11",2031,4329,1399,714,717,4221,2449,3931,2066,806,3232,1036,1169,2163,5800,910,3214,3207,1790,3230,1319,1547,7322,3863,1107,1134,509,2863,1745,7919,1387,900,2271,989,3533,1076,358,277,80,755,2645,348,2797,797,1343,420,453,2926,239,1660,748,6983,718,1440,3205
"SERPINI1",254,237,101,112,1397,259,906,168,728,702,83,463,1202,794,111,322,600,1831,1969,1122,146,176,839,56,995,123,204,293,225,181,103,1355,502,1384,233,120,34,180,211,694,217,15,66,45,653,946,255,1325,681,174,576,104,1665,504,1213
"SETD8",1404,4161,1524,2289,660,2338,2347,2293,1122,996,1525,2128,539,986,1877,829,2350,1923,1383,910,1640,1335,2129,1026,1020,1448,583,2826,1029,1037,1179,963,1564,1250,3470,1790,311,428,111,440,1437,997,1576,2419,924,478,493,1153,606,861,1117,2436,1422,758,1351
"SF3B4",4908,4986,2259,2679,2012,9203,3634,18417,2339,1113,3040,2402,1323,2907,5245,3068,4360,2495,1642,1731,1979,2733,3777,4030,1507,2192,749,4920,3615,5707,2195,5136,1548,4534,3886,2516,1995,798,336,1476,1768,3713,3396,4785,2049,662,4465,2487,1452,1149,1018,5029,1825,2911,3245
"SF4",3959,1392,1955,2604,2055,5667,4592,1162,3756,1084,3980,3487,642,2672,3527,1339,3004,1685,1200,995,3302,2395,1884,4305,708,2230,1414,4035,2964,3951,1862,2603,2203,2364,5805,2437,1541,435,88,646,3781,5616,2543,2464,1222,471,966,2169,786,1440,821,1430,2802,1353,1498
"SFPQ",8918,7648,4408,4017,4502,9007,11257,16837,5125,3297,5496,8624,2963,4026,11347,5242,10024,7829,4798,5123,7369,4037,6155,4620,3730,4577,1723,7060,5070,8790,7679,9115,4862,7016,11216,10785,1463,1597,346,2304,7555,3453,9389,6386,5295,1781,6045,5155,2785,4270,2627,9108,3388,4952,11807
"SGOL1",25,105,9,31,4,355,75,195,58,7,102,103,6,8,444,26,119,114,51,36,15,5,259,87,47,109,12,87,15,123,238,21,49,163,355,295,3,13,2,8,24,31,226,50,19,4,2,25,6,30,36,291,92,7,202
"SH3BP5",23990,41378,12582,5103,10134,23538,20673,1318,11748,8501,10970,22271,3539,6555,20717,9131,8087,10092,6828,7842,9231,9008,18561,17431,3035,8183,4284,16819,11264,19010,7434,22068,13014,3181,18301,12153,4330,1291,209,2243,18835,2714,18427,9115,15083,1970,17094,21861,4330,12239,4995,2302,7306,5138,19246
"SKA2",2286,1753,893,1280,610,3556,2145,3269,1281,816,2791,1225,1037,744,3044,903,2797,2387,790,1228,865,963,2757,1891,745,1406,662,1661,807,1442,2330,720,1590,1324,1828,1837,421,532,154,513,1017,1079,1235,851,893,245,1237,1614,639,798,1049,1907,1220,402,2017
"SKA3",82,133,63,269,14,412,115,473,155,43,146,350,15,43,928,65,215,169,105,64,32,13,297,97,98,125,41,75,130,385,697,96,252,318,658,497,3,49,10,22,73,116,260,120,50,11,8,122,30,25,128,862,188,53,473
"SLC22A3",2749,3402,538,2501,17,1358,1212,208,851,658,3730,73,152,703,4309,887,1355,1121,938,874,2883,1441,1834,616,453,1415,340,2142,404,4029,1354,1319,291,456,758,3417,411,480,2,235,1184,702,2732,770,1234,195,2880,84,653,1280,112,67,38,193,941
"SLC30A1",334,4064,521,125,841,1935,981,775,431,455,2793,2323,181,83,2869,178,1630,385,587,667,1134,68,2870,516,160,444,82,1835,1645,2692,768,1146,557,1120,875,456,201,104,11,94,740,181,1213,799,489,68,646,204,110,1335,112,227,180,589,1118
"SLC7A11",43,756,137,170,20,851,111,967,15,399,265,238,23,40,264,101,99,114,94,6,10,34,620,9,12,60,49,376,299,870,136,109,162,5,307,226,11,31,2,4,457,5,884,6,821,32,747,69,23,17,25,147,34,64,541
"SMAD2",5002,12873,4821,1517,2202,8039,4705,4213,1168,1953,4928,3791,1573,1562,7251,3007,3543,3594,3018,3130,3777,867,8786,6149,1362,1626,866,5695,7512,12437,3785,5115,2875,3087,4526,3157,2363,560,184,1287,4004,1670,4695,2243,4392,787,4273,1919,1269,3388,1411,3035,2299,2956,6060
"SNHG1",1023,2115,523,1200,681,3700,1116,2341,786,645,1075,646,143,893,1083,1056,1267,343,398,540,544,1455,881,873,241,887,347,1841,426,1442,1088,1499,569,2309,1855,1670,424,297,61,233,1128,675,1538,2236,338,185,636,366,326,425,633,3782,791,1075,996
"SNRPA",3902,1852,2006,3798,1783,4043,3939,6452,3115,1781,2277,4095,1769,1854,2613,2257,3823,2434,2005,1392,1720,3462,2035,1883,1559,1881,1027,2551,2250,3443,2605,3222,1793,2331,4806,4011,1120,1182,616,1857,1913,2349,1885,3163,1993,1016,881,2236,1171,1144,1342,5136,2710,2205,4028
"SNRPG",2729,1049,1227,1772,1588,3042,1784,4710,1318,952,3068,1854,981,1367,2885,1201,2655,1405,961,903,1410,1406,1956,1630,811,1382,554,2086,2966,2882,1735,2257,1471,2701,2610,1853,1190,686,149,1156,1909,695,1681,2196,1985,364,657,2197,779,636,585,2916,1066,520,2419
"SPAG5",289,710,678,1084,87,4256,686,1601,743,228,1358,1186,167,367,3925,252,1291,1319,522,579,440,277,3031,1612,462,614,224,1290,513,1831,1432,501,816,1346,6003,3008,35,409,20,69,344,510,1200,924,530,105,117,796,123,409,884,1734,738,406,2189
"SPC24",4,45,9,33,2,254,15,61,23,9,94,68,4,1,280,8,110,29,28,9,9,1,126,42,9,30,3,84,2,260,117,13,14,11,96,222,2,9,3,2,9,7,38,13,2,13,1,6,2,26,35,137,12,13,208
"SPC25",22,101,31,84,4,993,107,812,170,7,502,283,10,57,867,66,226,84,48,23,19,9,496,218,75,179,36,401,82,738,321,42,123,146,631,682,12,69,7,8,61,198,187,251,31,4,8,60,1,57,50,398,64,10,593
"STIL",246,199,227,310,45,1297,380,1482,177,71,336,383,83,89,664,107,322,162,147,106,132,88,352,161,96,198,48,128,85,461,491,181,189,202,1045,490,9,48,9,16,209,88,376,75,147,23,15,138,26,187,94,357,233,45,1014
"STMN1",3107,5896,1502,7924,2069,16658,5830,19777,5203,1433,8171,3646,1535,1849,12179,3758,11103,4116,1750,2387,1193,1490,6162,2985,2080,3739,1480,4817,1992,6170,11407,5162,2399,5464,16660,18670,276,1144,169,954,3397,2772,9494,4104,1487,893,308,2332,701,3325,2940,18910,2953,3257,14237
"SULF2",4609,34200,6355,14045,1193,4738,35503,16482,10320,1175,11148,11762,2171,6382,2261,3722,4641,2257,2614,2175,6205,9099,11699,738,3233,7851,2621,7337,5050,14898,6824,1807,10868,10380,28202,10322,499,537,212,1340,24148,5943,8042,2882,1771,537,867,8077,454,7674,688,6857,928,1982,6864
"SUV39H2",192,393,173,153,170,1075,494,627,262,163,259,180,102,213,750,240,546,257,199,170,308,182,835,321,101,274,44,362,250,561,668,367,147,323,464,656,54,45,14,68,285,159,264,279,218,31,164,123,52,212,150,792,197,158,471
"TACC3",598,928,565,3118,359,4899,1868,3752,1254,399,2622,1443,282,730,4466,976,4094,1157,754,631,650,191,1962,1565,544,1202,664,962,907,2449,4930,473,2227,1217,4884,2204,192,413,40,300,1484,907,2419,1204,994,207,177,1624,238,759,1317,4448,527,427,4305
"TIMELESS",186,2501,1008,1274,670,3378,1781,1649,1302,988,1518,1997,382,665,4073,659,1686,2452,1698,1777,924,444,5997,1142,1048,674,435,2671,717,6976,1894,411,1548,1321,2594,3769,118,502,41,395,659,327,999,1016,1624,265,538,791,484,888,1098,3725,1674,998,3982
"TIMM8B",2838,1163,1022,1733,2808,6176,1323,1804,1741,1311,4053,1414,1030,946,2545,1245,2040,1678,1075,686,1730,1156,1914,1063,685,2588,632,4570,1290,2006,1445,3347,1318,2193,2921,1698,1727,678,181,1137,1410,2392,2441,3400,1619,437,1418,1555,770,775,874,3240,1362,577,1023
"TK1",217,282,276,1078,43,3071,550,7607,678,341,1758,827,209,210,3889,506,2559,2029,458,230,111,47,2350,754,466,697,185,1740,240,1219,1169,349,533,391,2420,3305,29,460,53,112,107,1060,326,288,78,133,16,136,98,231,883,5729,742,388,896
"TMEM110",759,1001,268,114,257,504,379,332,425,240,832,287,198,202,660,211,290,675,429,376,245,278,335,182,110,542,144,1056,149,411,165,273,399,227,386,511,173,81,19,131,185,654,546,393,352,145,180,275,62,178,174,392,207,381,237
"TMEM194A",640,2140,698,1082,271,3276,2252,1360,1012,837,1117,1380,399,808,4167,527,1188,1156,954,976,929,459,6342,940,612,937,295,1222,1020,7581,1305,869,809,1658,3529,2842,263,608,61,277,1263,655,1602,2287,623,229,640,608,362,706,863,1100,960,577,2504
"TMEM198",1000,148,423,274,528,924,987,237,331,111,1054,1243,109,375,501,430,749,180,289,403,266,267,565,168,172,763,178,808,190,830,204,983,419,400,1054,727,172,121,17,106,189,214,643,760,1495,57,217,259,57,101,75,80,359,123,534
"TMEM201",513,511,410,521,356,837,696,2821,468,485,679,659,157,581,1123,654,629,473,595,218,318,557,1072,1850,507,548,299,618,291,958,512,701,718,589,1359,1134,183,143,91,312,420,637,1021,472,987,158,133,310,174,300,392,1228,390,278,1247
"TMEM81",217,125,66,118,96,186,129,237,79,42,197,122,41,202,146,137,120,84,33,53,88,102,175,70,33,110,44,243,116,169,96,54,99,88,139,56,124,18,16,82,83,45,205,175,152,31,141,98,45,119,34,151,63,94,269
"TMPRSS9",367,241,55,781,294,1161,637,4,913,31,1320,1084,3,550,426,24,654,42,107,365,255,149,152,95,226,703,424,531,89,835,324,683,552,548,1105,299,33,85,63,101,537,230,375,70,601,8,3,294,10,355,3,9,678,21,433
"TMSB15B",107,60,73,143,99,204,43,6,213,39,261,3,20,42,124,38,6,59,46,88,35,78,94,125,54,87,37,69,1,57,205,19,86,22,49,148,1,33,4,23,138,3,56,44,200,61,20,43,12,49,100,185,96,36,3
"TMX2",4151,5323,2388,1453,3986,5558,4196,6828,1777,2895,6651,3608,1189,1333,6939,2883,7473,4087,3103,2788,3943,2132,6260,6260,1698,2585,1276,5313,3706,2912,2347,5595,3212,3871,4644,2968,2072,478,175,2825,4589,878,5849,4237,5713,649,7071,2119,780,3457,1552,6179,1411,1759,3456
"TOMM5",2822,1393,1365,3285,2097,3663,1063,5638,1832,2484,4549,6953,1028,1067,2143,1962,2221,2657,1127,1183,2531,1668,3551,1068,925,1606,802,2871,1338,3025,3672,2303,1562,2345,6656,2378,913,605,171,1060,1422,945,3616,3379,2236,727,1877,1605,1056,1376,1339,3555,1514,1207,4685
"TOP2A",323,1734,646,2255,56,3373,1405,12111,1480,225,2311,2781,213,640,11005,560,1452,2117,1099,1020,265,88,4907,2755,1120,674,267,1623,967,5756,6667,467,1614,482,4252,12331,64,790,31,94,746,856,1844,785,86,119,77,920,137,741,2537,4025,1087,342,8290
"TPX2",420,2538,351,1040,113,4571,1600,6753,1433,262,2832,2622,335,1023,7555,395,2981,1556,1365,1779,1573,156,3329,1443,1223,929,479,1772,837,4419,3361,484,1030,1765,5928,10542,153,882,58,164,947,910,2723,1221,317,225,452,1376,157,723,1123,4679,1376,594,8708
"TRAF5",649,1014,179,220,181,1018,346,1041,164,141,413,55,179,468,675,560,491,249,134,174,270,284,624,159,137,328,42,551,242,610,281,393,79,814,134,555,395,134,42,144,138,514,335,470,241,94,396,132,153,400,107,1659,119,382,122
"TROAP",100,386,140,1377,10,2704,264,2328,475,47,932,903,27,184,1591,106,1030,263,232,140,46,20,2158,523,238,324,112,760,181,1896,756,65,374,441,2875,2853,5,340,25,38,204,861,680,347,30,24,7,271,41,237,479,1315,522,83,1640
"TUBA1B",23720,65142,39889,39808,24986,72308,43211,64107,36023,22000,42990,32764,13271,35835,59792,39835,51418,55780,48733,41246,23751,32361,63697,31421,28809,18955,15120,30885,21667,73960,48312,22078,45896,33484,85306,53096,4790,11745,2169,23275,17114,11103,21582,49943,56734,9177,9026,25842,8358,15609,21034,77713,22951,22664,42961
"TUBB6",2513,2457,2200,1743,507,5880,2269,6598,822,938,5594,1794,1022,1058,6546,4189,1657,2078,694,562,894,624,1333,1650,925,1418,441,2876,1514,5525,2451,4921,1093,980,5062,2025,812,459,82,1180,1570,1373,2048,2263,1170,399,336,866,889,795,729,9588,520,1110,3620
"TYMS",425,632,478,248,35,3347,713,3632,589,307,3308,936,86,153,6151,799,1542,834,493,388,334,29,2989,2289,588,684,185,967,750,2833,2209,658,911,646,2296,6700,22,234,13,66,395,242,1821,712,172,64,47,266,68,429,343,3791,984,266,1951
"UBE2C",257,769,204,2212,28,3135,761,5402,1275,89,3777,1471,134,622,3241,275,2594,922,515,298,79,27,2175,1223,687,952,356,1264,422,2685,2359,440,665,519,6800,9122,38,1102,86,163,387,1884,1316,921,51,100,26,652,113,263,1017,4157,1178,207,3535
"UBE2S",465,1433,1396,3957,441,6341,2805,4559,1728,776,4827,2555,606,1108,5556,510,6204,1427,514,358,707,824,2793,1573,306,1887,608,3309,824,3617,2982,2189,2164,1627,10584,3394,413,437,111,335,1557,1035,1971,1223,1162,529,413,1253,335,1970,1066,2846,878,1233,2417
"UBE2T",243,475,232,461,115,2285,355,2029,478,150,2533,639,98,367,2316,128,1279,466,132,721,130,71,1362,414,310,702,137,870,435,2074,1071,664,574,419,1608,1753,49,165,17,156,275,169,1362,563,280,66,61,517,176,460,377,1966,447,360,1925
"UBR4",4856,10161,4164,2104,5542,6076,6235,8139,2757,3159,4508,3901,1320,2305,5206,6805,5199,3873,4177,2315,4798,2201,5565,5153,1601,2927,853,5215,3302,5048,2902,4654,4823,4243,6736,3070,1414,638,224,1551,4047,2059,4621,4051,4866,750,9663,2147,1066,2483,1832,9650,2208,2808,8570
"UCHL5",598,1491,306,160,510,1057,516,1505,277,439,764,583,141,402,1297,456,1012,592,589,917,531,133,1407,209,303,395,200,815,502,1268,856,901,496,368,682,718,182,83,16,243,488,104,1651,669,476,71,889,231,256,608,259,1124,411,598,1359
"UFD1L",2517,1536,2415,2015,1437,2989,1695,3991,1467,1737,3292,1970,562,1640,4013,1609,2303,1725,691,663,2956,1167,4228,2776,1022,1486,957,2065,2479,1573,3392,2518,2262,958,4779,1666,2000,540,264,1169,2716,1289,3021,2326,1943,766,2654,1840,974,2860,1512,2682,927,1342,3923
"UHRF1",78,171,190,736,8,1543,228,1509,221,37,432,509,70,90,1078,92,1005,284,144,56,75,23,540,211,97,244,36,195,76,438,1006,73,208,97,1042,1129,3,76,15,12,88,291,270,119,19,23,10,104,24,107,228,1463,410,66,835
"UTP11L",1436,1080,1243,875,776,3060,1990,3018,1174,563,1920,1691,664,778,1158,1187,2778,1068,561,591,1318,1406,992,852,732,1052,416,1125,946,1976,1359,1883,915,1020,2119,1234,540,259,89,663,1653,770,1333,1310,1372,239,378,1314,452,900,452,1746,566,517,1683
"WDR4",327,282,374,69,303,504,393,1054,253,90,322,670,72,183,330,260,506,137,165,242,326,230,378,360,140,239,82,291,277,728,168,166,418,206,373,417,57,65,6,222,402,37,181,146,314,29,173,192,30,129,32,880,163,151,445
"WDR62",501,185,232,770,28,2168,229,730,311,89,725,837,138,139,1015,89,666,475,356,119,123,39,822,497,162,213,72,383,146,1510,1114,62,268,331,2558,1133,12,140,25,53,159,249,330,222,44,113,25,215,50,243,215,1210,370,626,1251
"WDR76",64,252,3,55,70,508,90,1328,122,63,371,22,14,67,415,131,48,181,100,86,77,10,361,10,85,85,17,92,36,147,441,18,147,65,27,592,7,22,2,16,85,4,261,112,21,16,31,22,14,64,37,548,131,132,33
"XRCC3",463,388,316,862,150,599,490,945,670,169,729,444,141,216,616,219,722,350,374,150,367,322,947,430,133,341,133,390,242,444,1065,515,609,443,600,414,102,130,30,176,304,252,501,722,245,110,308,163,143,202,234,1062,743,419,413
"YBX1",15216,11059,8851,3932,9790,14220,13834,36337,9743,5196,17951,13212,3344,5170,17351,13440,18038,6870,6653,7732,7056,4928,10864,4800,4285,9279,2953,11688,6395,12163,9828,15556,10510,8753,17006,12985,1874,1491,438,4657,7286,2937,23153,6642,7449,2776,4982,7440,3289,4745,3414,20663,7849,6974,24198
"ZBED4",939,702,321,1171,223,292,414,1220,279,241,297,390,117,247,1070,596,857,325,292,259,324,161,969,455,278,109,113,317,642,747,711,869,481,239,785,519,164,57,51,157,405,211,782,589,490,131,277,222,152,240,264,1189,327,369,1211
"ZBTB40",2253,2219,980,718,1493,2151,1662,1470,1741,697,1075,1479,396,1133,1618,1356,1605,944,1505,818,2140,1163,3018,2330,503,1052,487,2271,1451,2762,1153,1312,960,1865,2354,1224,673,332,229,526,1550,857,2111,1908,2711,804,1847,1708,675,1070,352,2412,2011,903,2562
"ZDHHC16",1323,2452,498,823,1807,2881,1731,3440,955,911,1698,753,451,670,3274,1280,1682,1128,675,628,680,865,2094,1872,741,1178,342,2466,1215,1338,1308,1750,503,1994,1649,1468,393,257,69,534,1060,913,1704,1494,1644,323,353,505,590,653,443,2696,852,1710,1383
"ZMYND19",1552,682,574,1787,501,1196,1666,2511,610,712,1722,1436,438,660,997,545,1638,1291,477,359,823,722,704,1112,354,1070,232,875,560,1021,1273,1547,643,1430,2870,839,633,251,76,415,1379,592,1122,1125,717,208,522,677,452,416,751,1436,550,536,1444
"ZNF202",744,551,346,444,308,703,435,536,282,231,349,230,131,391,582,463,288,308,246,267,385,335,583,148,161,256,141,588,262,439,333,361,285,547,624,807,225,107,44,149,374,346,864,564,340,157,414,160,164,258,161,1807,231,285,409
"ZNF695",33,79,1,36,2,121,80,64,22,2,41,1,12,7,114,3,31,11,6,9,12,1,1,1,5,75,3,83,6,1,22,19,11,48,102,88,5,2,1,6,23,10,5,2,5,7,3,14,4,21,12,94,21,9,78
"ZWINT",307,1090,322,1086,114,3898,1487,3455,1005,453,1399,954,299,316,5237,352,2133,702,592,468,592,100,2265,729,413,874,140,902,376,2443,1458,813,751,787,4154,3386,75,295,34,121,590,774,1738,508,399,111,67,452,109,878,606,4147,834,524,3289
